file,Obj,Res,Goa,Hyp,Bac,Exp,Obs,Con,Mot,Met,Mod,type
pmc2923108.xml,0,108,0,2,89,0,47,26,0,0,282,Case Study
pmc3515349.xml,0,122,0,0,69,0,9,9,0,0,80,Case Study
pmc3274432.xml,0,411,0,1,87,0,9,17,0,0,107,Case Study
pmc3567401.xml,0,223,0,5,42,0,30,1,0,0,121,Case Study
pmc3068871.xml,0,287,0,9,258,0,36,7,0,0,88,Case Study
pmc3298832.xml,0,164,7,6,102,0,7,17,3,13,84,Case Study
pmc2768712.xml,0,171,2,35,136,0,24,40,0,2,154,Case Study
pmc3490726.xml,3,284,4,66,215,11,24,26,4,2,264,Case Study
pmc3293136.xml,2,237,3,29,53,1,19,7,0,16,40,Case Study
journal.pmed.0030233.xml,0,0,0,0,112,0,11,3,0,8,0,Case Study
pmc3395173.xml,2,1,2,3,206,9,0,34,0,4,31,Case Study
pmc3117608.xml,0,132,5,0,47,0,20,12,0,11,79,Case Study
pmc2992515.xml,1,317,2,19,212,3,37,40,1,7,100,Case Study
pmc3346992.xml,0,5,0,0,100,0,1,1,0,7,13,Case Study
pmc3297499.xml,1,114,7,17,155,9,21,19,0,14,107,Case Study
pmc3142343.xml,0,38,3,31,47,0,7,5,0,2,71,Case Study
pmc3545968.xml,10,113,5,3,165,6,13,9,4,5,174,Case Study
pmc3533458.xml,1,213,1,0,137,0,7,17,1,2,43,Case Study
pmc2784769.xml,0,120,1,19,85,1,24,17,0,7,223,Case Study
pmc3566659.xml,0,18,4,0,157,8,2,15,0,9,33,Case Study
pmc3105991.xml,5,460,4,27,96,12,60,8,1,4,139,Case Study
pmc3520793.xml,1,545,6,11,154,48,34,16,4,103,93,Case Study
pmc3102619.xml,0,607,7,4,314,9,51,17,5,12,181,Case Study
pmc2898768.xml,3,138,6,10,217,0,22,26,2,7,176,Case Study
pmc3539945.xml,0,0,0,0,178,0,0,20,1,0,19,Case Study
pmc2795741.xml,1,392,3,15,149,0,85,27,0,3,231,Case Study
pmc3278342.xml,0,182,2,8,137,0,73,8,1,1,116,Case Study
pmc3441348.xml,1,31,11,2,79,0,0,12,1,0,9,Case Study
pmc2864221.xml,0,2,2,4,502,0,2,8,1,9,1,Case Study
pmc3522109.xml,1,26,0,9,150,0,0,12,0,13,14,Case Study
journal.pmed.0020063.xml,0,2,0,0,28,0,5,0,0,22,3,Case Study
pmc3556712.xml,0,126,0,9,72,0,18,12,0,0,68,Case Study
pmc3462746.xml,0,3,0,0,116,0,30,6,0,0,10,Case Study
journal.pmed.0030331.xml,0,1,0,3,61,0,10,2,0,0,13,Case Study
pmc3088464.xml,0,153,0,14,70,0,15,9,0,0,66,Case Study
pmc3547240.xml,0,92,0,9,64,0,4,8,0,0,64,Case Study
pmc3564692.xml,0,45,2,7,63,0,12,1,0,0,179,Case Study
pmc3108115.xml,1,70,0,9,456,0,51,0,0,11,14,Case Study
pmc3125003.xml,0,3,0,0,78,0,0,0,0,2,0,Case Study
pmc3514800.xml,0,7,0,0,50,0,6,1,0,0,24,Case Study
pmc3420718.xml,0,19,7,12,124,0,49,15,5,0,31,Case Study
pmc3490713.xml,7,436,9,16,106,5,18,26,3,0,224,Case Study
pmc3208095.xml,0,34,0,0,289,0,3,26,0,0,39,Case Study
pmc3537206.xml,0,67,0,13,168,0,27,14,0,0,26,Case Study
pmc3225278.xml,0,8,0,1,40,0,18,2,0,0,169,Case Study
pmc3189900.xml,0,179,0,6,182,0,55,7,0,0,164,Case Study
pmc3534242.xml,1,113,1,3,82,12,12,15,4,52,69,Case Study
pmc3393669.xml,0,0,1,1,199,0,8,0,0,0,5,Case Study
journal.pmed.0020019.xml,0,1,0,0,48,0,0,0,0,0,0,Case Study
pmc3461450.xml,0,280,0,0,76,0,32,14,0,0,157,Case Study
pmc3136228.xml,0,67,4,25,84,0,30,7,1,47,48,Case Study
pmc3018452.xml,0,158,0,12,39,0,23,5,0,0,128,Case Study
pmc3543231.xml,0,466,0,15,84,0,30,23,1,0,24,Case Study
pmc3545202.xml,0,549,0,8,71,0,14,13,0,0,74,Case Study
pmc2893081.xml,1,21,0,13,37,7,4,5,0,2,150,Case Study
pmc3254131.xml,1,614,3,0,159,0,42,1,0,0,261,Case Study
pmc3560199.xml,0,148,0,0,40,0,32,12,0,0,194,Case Study
pmc3239384.xml,0,140,0,2,46,0,51,6,0,0,217,Case Study
pmc3507022.xml,0,8,0,0,54,0,43,0,0,0,0,Case Study
pmc2944141.xml,0,451,1,17,43,0,61,9,0,0,155,Case Study
pmc2842609.xml,0,24,4,36,846,0,302,0,0,1,33,Case Study
pmc3420565.xml,0,33,0,0,192,0,0,6,0,1,0,Case Study
journal.pmed.0010015.xml,0,0,0,0,53,1,2,0,0,0,0,Case Study
pmc3038149.xml,0,269,0,18,89,0,29,20,0,0,148,Case Study
pmc3509409.xml,2,11,1,1,64,0,28,13,2,10,4,Case Study
pmc3523585.xml,0,149,1,0,69,0,39,7,0,0,36,Case Study
pmc3072191.xml,0,10,0,0,61,0,34,2,0,0,16,Case Study
pmc2994202.xml,0,51,0,3,102,0,8,8,0,0,8,Case Study
pmc3493333.xml,1,145,15,23,102,4,24,20,9,21,68,Case Study
pmc3386863.xml,4,196,0,1,103,7,11,16,1,5,42,Case Study
pmc2687908.xml,0,21,1,4,75,1,2,1,1,6,34,Case Study
pmc3305606.xml,2,290,2,6,209,6,13,29,0,8,40,Case Study
pmc3227864.xml,0,141,7,13,167,0,5,27,1,156,13,Case Study
pmc3514951.xml,0,12,0,5,54,6,8,7,0,2,51,Case Study
pmc3080822.xml,0,195,3,12,189,18,7,18,8,17,164,Case Study
pmc3562226.xml,2,143,17,24,144,9,13,29,0,8,104,Case Study
pmc3265097.xml,0,46,0,8,374,0,7,18,1,14,9,Case Study
pmc2703616.xml,0,106,2,11,82,1,23,6,0,1,45,Case Study
pmc3556097.xml,1,64,10,7,128,0,7,19,6,4,68,Case Study
pmc2763848.xml,3,29,12,28,94,12,4,32,2,10,68,Case Study
pmc3398090.xml,1,51,0,2,153,0,23,0,0,0,6,Case Study
pmc3009627.xml,0,190,2,1,35,4,11,8,1,2,40,Case Study
pmc3038162.xml,0,66,2,18,77,4,10,12,0,2,78,Case Study
pmc3568410.xml,0,114,1,12,246,0,26,7,1,1,340,Case Study
pmc3335115.xml,1,25,11,1,146,0,16,5,1,18,3,Case Study
pmc3231428.xml,0,8,4,23,189,11,16,1,2,5,9,Case Study
journal.pmed.0010051.xml,0,4,1,8,78,0,6,0,0,22,0,Case Study
pmc3170598.xml,0,91,3,10,125,7,61,21,1,5,80,Case Study
pmc3113995.xml,0,0,5,0,27,0,0,0,0,3,0,Case Study
journal.pmed.0040111.xml,0,1,0,3,103,0,5,0,0,14,0,Case Study
pmc3576358.xml,2,93,22,10,111,12,28,31,2,32,76,Case Study
pmc3220898.xml,0,10,1,0,27,0,12,6,0,0,0,Case Study
pmc3387362.xml,0,117,0,11,59,0,28,11,0,0,130,Case Study
pmc3561239.xml,1,548,3,1,67,2,29,18,0,0,64,Case Study
pmc3324108.xml,0,48,10,45,515,0,11,103,6,20,6,Case Study
pmc3191122.xml,1,201,0,20,43,0,28,28,0,23,337,Case Study
pmc3361222.xml,0,3,1,0,138,0,0,10,0,2,15,Case Study
pmc3530225.xml,0,142,4,0,144,0,44,1,0,0,22,Case Study
pmc3547242.xml,0,27,0,6,123,0,69,22,0,0,14,Case Study
pmc3574844.xml,0,295,0,2,38,0,25,22,0,0,97,Case Study
pmc3520749.xml,0,287,0,4,39,0,32,7,0,0,101,Case Study
pmc3148970.xml,0,160,0,15,64,0,17,8,0,0,79,Case Study
pmc3420547.xml,0,35,1,0,231,0,27,2,0,0,69,Case Study
pmc3551415.xml,0,24,1,0,183,0,23,1,0,0,0,Case Study
journal.pmed.0020089.xml,0,0,0,1,93,0,33,0,0,0,0,Case Study
pmc3514935.xml,0,28,2,0,78,0,34,8,0,0,24,Case Study
journal.pmed.0020197.xml,0,2,0,0,39,0,8,1,0,0,16,Case Study
pmc3413566.xml,3,20,1,0,9,0,2,2,0,4,0,Case Study
pmc3423062.xml,1,17,0,0,0,0,1,13,2,11,0,Case Study
journal.pbio.0050018.xml,0,10,1,2,36,0,2,4,0,0,1,Correspondence
journal.pbio.0050180.xml,0,2,0,0,9,0,0,0,0,0,32,Correspondence
journal.pcbi.0040025.xml,0,14,0,0,4,0,0,5,0,0,41,Correspondence
journal.pgen.0020207.xml,0,12,0,0,0,0,3,0,0,0,49,Correspondence
journal.pgen.0020208.xml,0,23,0,8,0,0,0,4,0,0,30,Correspondence
journal.pgen.0030230.xml,0,18,0,0,5,0,2,0,0,0,43,Correspondence
journal.pmed.0020126.xml,0,15,0,0,7,0,0,0,0,0,16,Correspondence
journal.pmed.0020137.xml,0,2,0,1,4,0,10,0,0,0,23,Correspondence
journal.pmed.0020139.xml,0,11,0,1,7,2,1,0,0,0,10,Correspondence
journal.pmed.0020144.xml,0,1,0,1,5,0,0,0,0,0,31,Correspondence
journal.pmed.0020147.xml,0,31,1,0,8,0,2,1,0,0,23,Correspondence
journal.pmed.0020152.xml,0,2,0,0,0,0,0,0,0,0,5,Correspondence
journal.pmed.0020155.xml,0,5,0,6,11,0,0,3,0,0,23,Correspondence
journal.pmed.0020156.xml,0,12,0,4,4,0,0,0,0,0,15,Correspondence
journal.pmed.0030278.xml,0,0,0,0,9,0,0,0,0,0,23,Correspondence
journal.pmed.0030284.xml,0,0,0,0,0,0,0,0,0,0,30,Correspondence
journal.pmed.0030285.xml,0,7,0,0,0,0,0,1,0,0,8,Correspondence
journal.pmed.0030320.xml,0,0,0,0,0,0,0,0,0,0,31,Correspondence
journal.pmed.0030321.xml,0,0,0,0,0,0,0,0,0,0,29,Correspondence
journal.pmed.0030322.xml,0,14,0,0,6,0,2,0,0,0,10,Correspondence
journal.pmed.0030411.xml,0,4,0,0,0,0,3,1,0,0,15,Correspondence
journal.pmed.0030412.xml,0,3,0,0,0,0,6,0,0,0,4,Correspondence
journal.pmed.0030413.xml,0,6,0,0,9,0,0,0,0,0,6,Correspondence
journal.pmed.0030414.xml,0,11,0,0,7,0,8,0,0,0,8,Correspondence
journal.pmed.0030415.xml,0,1,0,2,0,0,0,2,0,0,21,Correspondence
journal.pmed.0030457.xml,0,0,0,0,0,0,0,1,0,0,7,Correspondence
journal.pmed.0030458.xml,0,5,0,0,0,0,0,0,0,0,5,Correspondence
journal.pmed.0030459.xml,0,13,0,0,0,0,2,1,0,0,6,Correspondence
journal.pmed.0030460.xml,0,2,0,2,6,0,0,0,0,0,0,Correspondence
journal.pmed.0030461.xml,0,1,0,0,0,0,0,0,0,0,25,Correspondence
journal.pmed.0030462.xml,0,17,0,0,4,0,0,1,0,0,7,Correspondence
journal.pmed.0030463.xml,0,2,0,3,3,0,0,0,0,0,17,Correspondence
journal.pmed.0030464.xml,0,1,0,4,4,0,0,0,0,0,18,Correspondence
journal.pmed.0030286.xml,0,0,0,0,0,0,0,0,0,0,13,Correspondence
journal.pmed.0030288.xml,0,7,0,2,0,0,0,0,0,0,16,Correspondence
journal.pmed.0030314.xml,0,4,0,0,0,0,2,0,0,0,12,Correspondence
journal.pmed.0030315.xml,0,1,0,0,2,0,0,1,0,0,34,Correspondence
journal.pmed.0030316.xml,0,3,0,1,0,0,0,0,0,0,15,Correspondence
journal.pmed.0030317.xml,0,8,0,4,3,0,0,0,0,0,10,Correspondence
journal.pmed.0030318.xml,0,6,0,0,12,0,5,0,0,0,34,Correspondence
journal.pmed.0030319.xml,0,8,0,0,0,0,1,1,0,0,9,Correspondence
journal.pcbi.0030190.xml,0,0,0,1,6,0,0,1,0,0,64,Correspondence
journal.pcbi.0040015.xml,1,30,0,3,15,2,4,13,0,0,69,Correspondence
journal.pmed.0030468.xml,0,2,0,0,3,0,0,0,0,0,17,Correspondence
journal.pmed.0030469.xml,0,8,0,0,4,0,0,0,0,0,0,Correspondence
journal.pmed.0030470.xml,0,0,0,0,8,0,0,0,0,0,0,Correspondence
journal.pmed.0030471.xml,0,10,0,0,3,0,4,0,0,0,27,Correspondence
journal.pmed.0030472.xml,0,0,0,0,8,0,1,0,0,0,15,Correspondence
journal.pmed.0030501.xml,0,42,0,3,14,0,0,0,0,0,21,Correspondence
journal.pmed.0030502.xml,0,30,0,1,10,0,1,0,0,0,31,Correspondence
journal.pmed.0030503.xml,0,18,0,0,11,0,6,0,0,0,21,Correspondence
journal.pmed.0030504.xml,0,2,0,0,0,0,2,0,0,0,5,Correspondence
journal.pmed.0030505.xml,0,13,0,0,4,0,2,1,0,0,8,Correspondence
journal.pmed.0030506.xml,0,0,0,0,2,0,0,0,0,0,22,Correspondence
journal.pmed.0030507.xml,0,3,0,0,0,0,1,0,0,0,16,Correspondence
journal.pmed.0030508.xml,0,7,0,1,7,0,0,0,0,0,17,Correspondence
journal.pmed.0030509.xml,0,0,0,1,0,0,0,0,0,0,8,Correspondence
journal.pmed.0030510.xml,0,0,0,0,0,0,0,0,0,0,6,Correspondence
journal.pmed.0030511.xml,0,4,0,5,5,0,0,3,0,0,3,Correspondence
journal.pmed.0030537.xml,0,0,0,7,0,0,0,0,0,0,13,Correspondence
journal.pmed.0030538.xml,0,6,0,0,0,0,0,1,0,0,17,Correspondence
journal.pmed.0030539.xml,0,0,0,0,0,0,0,0,0,0,20,Correspondence
journal.pmed.0030540.xml,0,5,0,2,8,0,1,1,0,0,17,Correspondence
journal.pmed.0030541.xml,0,6,0,0,0,0,0,0,0,0,11,Correspondence
journal.pmed.0030542.xml,0,0,0,0,6,0,0,0,0,0,23,Correspondence
journal.pmed.0030549.xml,0,16,0,0,5,0,0,0,0,0,28,Correspondence
journal.pmed.0030550.xml,0,1,0,1,5,0,3,0,0,0,0,Correspondence
journal.pmed.0040038.xml,0,12,0,0,21,0,0,0,0,0,11,Correspondence
journal.pmed.0040041.xml,0,6,0,0,1,0,1,1,0,1,13,Correspondence
journal.pmed.0040042.xml,0,0,0,0,0,0,0,0,0,0,5,Correspondence
journal.pmed.0040043.xml,0,2,0,0,6,0,0,1,0,0,18,Correspondence
journal.pmed.0040044.xml,0,14,0,0,6,0,0,0,0,0,7,Correspondence
journal.pmed.0040051.xml,0,3,0,0,9,0,0,3,0,0,10,Correspondence
journal.pmed.0040052.xml,0,0,0,0,7,0,0,0,0,0,22,Correspondence
journal.pmed.0040053.xml,0,1,0,2,2,0,0,0,0,0,5,Correspondence
journal.pmed.0040054.xml,0,4,0,2,5,0,0,0,0,0,0,Correspondence
journal.pmed.0040056.xml,0,0,0,0,7,0,0,0,0,0,26,Correspondence
journal.pmed.0040057.xml,0,0,0,0,6,0,0,0,0,0,14,Correspondence
journal.pmed.0040083.xml,0,13,0,7,13,0,1,0,0,0,16,Correspondence
journal.pmed.0040084.xml,0,13,0,0,9,0,1,1,0,0,13,Correspondence
journal.pmed.0040085.xml,0,25,0,1,8,0,6,0,0,0,4,Correspondence
journal.pmed.0040086.xml,0,14,0,0,0,0,10,3,0,0,11,Correspondence
journal.pmed.0040087.xml,0,8,0,0,2,0,0,2,0,0,19,Correspondence
journal.pmed.0040088.xml,0,5,0,7,13,0,0,0,0,0,12,Correspondence
journal.pmed.0040089.xml,0,13,0,0,3,0,11,1,0,0,10,Correspondence
journal.pmed.0040188.xml,0,1,0,1,7,0,0,1,0,0,22,Correspondence
journal.pmed.0040189.xml,0,0,0,0,4,0,0,0,0,0,8,Correspondence
journal.pmed.0040195.xml,0,2,0,0,4,0,0,2,0,0,9,Correspondence
journal.pmed.0040211.xml,0,5,0,0,4,0,8,0,0,0,13,Correspondence
journal.pmed.0040135.xml,0,7,0,0,0,0,2,0,0,0,16,Correspondence
journal.pmed.0040136.xml,0,4,0,0,5,0,1,0,0,0,0,Correspondence
journal.pmed.0040137.xml,0,3,0,0,0,0,0,0,0,0,32,Correspondence
journal.pmed.0040138.xml,0,9,0,7,4,0,6,3,0,0,12,Correspondence
journal.pmed.0040139.xml,0,0,0,0,0,0,0,0,0,0,8,Correspondence
journal.pmed.0040140.xml,0,12,0,0,4,0,0,0,0,0,0,Correspondence
journal.pmed.0040141.xml,0,1,0,0,0,0,0,1,0,0,19,Correspondence
journal.pmed.0040142.xml,0,6,0,7,1,0,4,0,0,0,10,Correspondence
journal.pmed.0040145.xml,0,0,0,4,7,0,0,0,0,0,0,Correspondence
journal.pmed.0040187.xml,0,0,0,9,16,0,0,2,1,0,8,Correspondence
journal.pmed.0020129.xml,2,5,0,0,0,0,2,23,0,0,6,Correspondence
journal.pmed.0030423.xml,0,0,3,4,29,0,0,2,8,3,4,Essay
journal.pmed.0020178.xml,0,0,2,0,62,0,0,2,0,0,0,Essay
journal.pmed.1000105.xml,0,2,0,0,152,0,1,6,1,1,0,Essay
journal.pmed.1001240.xml,0,0,0,7,136,0,6,0,0,0,5,Essay
journal.pbio.0050306.xml,0,0,2,0,161,0,2,0,0,0,32,Essay
journal.pmed.0020008.xml,0,1,0,4,89,0,0,1,0,0,13,Essay
journal.pmed.0030039.xml,0,0,1,4,99,0,0,0,0,0,3,Essay
journal.pbio.0050139.xml,0,7,0,5,201,0,6,8,2,0,21,Essay
journal.pctr.0010013.xml,0,36,2,0,31,0,22,0,0,0,57,Essay
journal.pbio.0060042.xml,0,0,0,22,223,0,10,1,0,0,14,Essay
journal.pbio.0060325.xml,0,1,0,14,124,0,1,12,1,0,37,Essay
journal.pmed.0030185.xml,0,6,0,4,135,0,9,0,0,0,0,Essay
journal.pbio.0060066.xml,2,0,0,2,60,0,0,2,0,0,30,Essay
journal.pmed.1001382.xml,0,4,0,0,123,0,14,2,0,0,6,Essay
journal.pmed.0030240.xml,0,0,0,3,150,0,4,10,0,0,15,Essay
journal.pmed.0040128.xml,0,12,0,1,116,0,2,18,0,0,0,Essay
journal.pbio.0030355.xml,0,0,0,2,120,0,15,0,3,0,39,Essay
journal.pmed.1001167.xml,0,0,0,2,101,0,0,0,0,0,10,Essay
journal.pmed.0020247.xml,0,0,0,0,97,0,0,0,0,0,24,Essay
journal.pmed.0030456.xml,0,12,0,7,150,0,23,20,0,2,0,Essay
journal.pbio.0040352.xml,0,0,0,5,318,0,4,0,0,0,19,Essay
journal.pmed.1000313.xml,0,1,0,0,146,0,3,0,0,0,0,Essay
journal.pmed.0020111.xml,0,4,2,0,81,0,0,4,1,1,1,Essay
journal.pmed.1001315.xml,0,0,1,1,265,0,44,0,0,0,0,Essay
journal.pmed.0020358.xml,0,0,2,3,115,0,0,0,2,3,0,Essay
journal.pmed.1000312.xml,0,0,0,6,111,0,0,7,0,0,14,Essay
journal.pmed.0050126.xml,0,0,1,5,110,0,3,5,1,4,2,Essay
journal.pmed.1000299.xml,0,1,0,0,87,0,0,18,3,0,0,Essay
journal.pbio.1000292.xml,0,107,6,3,37,3,25,8,0,2,111,Essay
journal.pmed.0010060.xml,0,0,0,11,77,0,0,11,0,0,7,Essay
journal.pbio.0050120.xml,0,0,3,11,81,0,0,0,17,0,0,Essay
journal.pmed.0030143.xml,0,3,0,7,175,0,0,18,2,0,3,Essay
journal.pbio.0050267.xml,0,0,3,0,110,0,0,0,7,1,1,Essay
journal.pbio.0030245.xml,1,0,13,16,346,0,5,8,5,3,12,Essay
journal.pbio.0050058.xml,0,0,1,9,145,0,0,1,0,3,20,Essay
journal.pmed.1001406.xml,0,11,0,0,147,0,0,13,0,0,6,Essay
journal.pbio.0040299.xml,0,2,0,5,55,0,0,0,2,0,3,Essay
journal.pbio.0030065.xml,0,0,0,2,148,0,0,0,4,3,0,Essay
journal.pmed.0010042.xml,0,0,0,5,61,0,0,1,4,0,0,Essay
journal.pmed.1001357.xml,0,0,0,0,109,0,0,0,0,0,0,Essay
journal.pmed.0020338.xml,0,1,3,1,162,0,0,2,0,0,0,Essay
journal.pmed.1001139.xml,0,9,0,15,149,0,0,4,1,0,0,Essay
journal.pmed.1000346.xml,0,1,0,2,269,0,8,0,0,0,0,Essay
journal.pbio.1000058.xml,0,13,4,33,323,0,11,21,1,17,40,Essay
journal.pmed.0040170.xml,0,1,1,2,155,0,1,13,1,0,3,Essay
journal.pmed.0020286.xml,0,0,0,0,37,0,0,0,4,0,0,Essay
journal.pmed.0030426.xml,0,0,2,1,132,0,0,11,0,0,0,Essay
journal.pmed.1001377.xml,0,0,0,3,218,0,0,24,0,0,0,Essay
journal.pbio.1000062.xml,0,3,0,19,175,0,7,1,4,6,3,Essay
journal.pbio.0060298.xml,0,0,1,3,248,0,0,25,4,0,4,Essay
journal.pmed.0030294.xml,1,32,0,3,41,0,5,8,0,0,77,Essay
journal.pmed.0010013.xml,0,2,2,5,80,0,0,0,0,1,0,Essay
journal.pmed.0020271.xml,0,1,0,18,153,0,1,0,0,1,0,Essay
journal.pmed.1001019.xml,0,0,0,5,85,0,0,0,0,0,18,Essay
journal.pmed.0030439.xml,0,0,5,7,138,0,0,9,0,0,2,Essay
journal.pbio.0060283.xml,0,25,0,24,97,0,4,8,0,0,84,Essay
journal.pmed.1001100.xml,0,0,0,1,92,0,0,21,0,0,5,Essay
journal.pbio.0040277.xml,1,4,2,6,151,0,3,4,2,0,0,Essay
journal.pmed.0020042.xml,0,0,0,0,74,0,0,0,7,0,8,Essay
journal.pbio.0020214.xml,0,0,0,6,129,0,0,0,1,0,2,Essay
journal.pmed.0030530.xml,0,0,0,7,100,0,0,0,0,0,54,Essay
journal.pmed.1000373.xml,0,0,0,2,95,0,0,2,0,0,3,Essay
journal.pbio.0060054.xml,0,1,0,2,228,0,10,2,0,0,12,Essay
journal.pmed.0030186.xml,0,1,0,3,134,0,0,0,2,0,3,Essay
journal.pmed.1001328.xml,0,6,0,25,121,0,0,12,0,0,11,Essay
journal.pbio.0060124.xml,0,9,0,6,133,0,30,0,2,3,13,Essay
journal.pmed.0050007.xml,0,0,2,13,84,0,0,0,0,0,0,Essay
journal.pmed.1001209.xml,0,0,0,12,349,0,53,8,1,0,5,Essay
journal.pmed.0030209.xml,0,1,8,22,118,0,3,8,1,3,6,Essay
journal.pmed.0040026.xml,0,96,1,24,45,0,7,3,0,0,99,Essay
journal.pmed.1000360.xml,0,10,0,0,171,0,16,20,0,0,22,Essay
journal.pctr.0010025.xml,0,12,0,37,42,0,11,1,0,0,43,Essay
journal.pmed.0040104.xml,0,0,0,1,93,0,0,0,0,0,9,Essay
journal.pctr.0020008.xml,0,33,0,10,25,0,5,1,0,0,38,Essay
journal.pmed.0030231.xml,0,6,0,23,123,0,12,2,0,0,2,Essay
journal.pbio.0060018.xml,0,22,0,71,210,0,12,29,2,0,18,Essay
journal.pbio.0050200.xml,0,27,0,11,99,0,3,4,0,0,4,Essay
journal.pmed.1001286.xml,0,0,0,4,117,0,6,0,1,0,9,Essay
journal.pmed.1001228.xml,0,0,0,12,143,0,0,0,0,0,11,Essay
journal.pmed.0030399.xml,0,0,0,0,147,0,9,0,3,0,16,Essay
journal.pmed.0040112.xml,0,0,0,0,80,0,0,0,0,0,0,Essay
journal.pmed.0050176.xml,1,0,0,1,114,0,7,4,0,0,0,Essay
journal.pmed.1001218.xml,0,14,0,14,111,0,21,20,1,1,38,Essay
journal.pmed.0030405.xml,0,0,0,1,36,0,0,33,2,0,17,Essay
journal.pbio.1000023.xml,0,9,0,0,295,0,81,0,0,0,0,Essay
journal.pmed.0030191.xml,0,5,0,4,94,0,0,9,0,0,2,Essay
journal.pmed.0010009.xml,0,0,0,2,135,0,0,0,0,0,0,Essay
journal.pbio.0030364.xml,0,15,0,11,232,0,18,1,3,0,11,Essay
journal.pmed.1001234.xml,0,9,0,20,106,0,0,8,0,0,0,Essay
journal.pmed.1001312.xml,0,3,0,2,76,0,5,0,0,0,11,Essay
journal.pbio.1000374.xml,0,1,0,4,170,0,3,1,0,0,13,Essay
journal.pmed.1000074.xml,0,3,0,0,98,0,25,1,0,1,8,Essay
journal.pmed.0030344.xml,0,1,0,7,117,0,6,1,0,0,0,Essay
journal.pbio.0050308.xml,0,1,1,0,76,0,4,1,1,0,26,Essay
journal.pctr.0010030.xml,0,52,0,2,12,0,15,1,0,0,28,Essay
journal.pmed.1001302.xml,0,2,0,6,148,0,4,0,0,0,0,Essay
journal.pmed.1001229.xml,0,6,0,18,79,0,4,6,0,0,19,Essay
journal.pmed.1001411.xml,0,0,0,2,167,0,4,1,0,0,22,Essay
journal.pmed.0030514.xml,0,0,0,2,57,0,0,0,0,0,0,Essay
journal.pbio.1000357.xml,0,2,0,7,197,0,15,15,0,0,186,Essay
journal.pmed.0020234.xml,0,0,0,6,99,0,0,2,1,6,0,Essay
journal.pmed.1001159.xml,0,0,0,0,84,0,0,0,0,0,0,Essay
journal.pmed.1001163.xml,0,4,1,9,122,0,0,11,0,0,12,Essay
journal.pmed.0020124.xml,0,97,2,50,79,0,0,24,0,1,43,Essay
journal.pmed.0040027.xml,0,41,0,1,11,0,4,0,0,0,65,Essay
journal.pbio.1000571.xml,0,32,0,11,6,0,4,5,0,0,51,Essay
journal.pmed.0020216.xml,0,1,3,0,195,0,8,10,0,0,0,Essay
journal.pmed.1000087.xml,0,0,1,11,173,0,0,10,0,1,3,Essay
journal.pmed.0010038.xml,0,0,0,2,57,0,0,0,3,0,0,Essay
journal.pmed.0020107.xml,0,0,5,0,79,0,0,1,6,1,0,Essay
journal.pmed.0040028.xml,0,14,2,0,85,0,11,3,1,0,10,Essay
journal.pmed.1001010.xml,0,116,0,22,45,0,1,16,1,1,27,Essay
journal.pmed.1001252.xml,0,1,2,3,115,0,5,15,0,0,19,Essay
journal.pbio.1000591.xml,0,0,0,1,137,0,0,0,0,0,39,Essay
journal.pbio.0030322.xml,0,1,0,1,102,0,2,0,0,0,10,Essay
journal.pmed.0020143.xml,0,0,0,0,57,0,0,4,1,0,8,Essay
journal.pmed.1001003.xml,0,36,1,0,10,0,1,4,0,0,18,Essay
journal.pmed.1001214.xml,0,17,0,4,409,0,13,0,0,0,0,Essay
journal.pmed.0030306.xml,0,5,0,6,45,0,0,3,0,0,19,Essay
journal.pmed.1001374.xml,0,0,0,0,278,0,46,25,0,0,3,Essay
journal.pbio.1000472.xml,0,1,1,16,120,0,12,8,2,3,22,Essay
journal.pbio.0060188.xml,0,0,1,0,95,0,0,1,1,0,35,Essay
journal.pmed.0020241.xml,0,0,0,0,80,0,0,7,0,0,4,Essay
journal.pbio.0050278.xml,0,0,2,1,49,0,0,0,0,0,9,Essay
journal.pmed.0030146.xml,0,2,1,9,68,0,5,7,0,0,31,Essay
journal.pmed.0030132.xml,0,7,0,8,106,0,0,12,0,0,13,Essay
journal.pmed.1001049.xml,0,7,0,1,147,0,26,31,0,0,3,Essay
journal.pmed.1001063.xml,0,9,0,4,117,0,1,4,0,0,9,Essay
journal.pmed.1001227.xml,0,3,0,1,55,0,0,8,0,0,6,Essay
journal.pmed.1001006.xml,0,1,0,9,84,0,1,0,0,0,2,Essay
journal.pbio.1000019.xml,0,14,0,17,326,0,1,39,1,0,4,Essay
journal.pmed.0040072.xml,0,0,0,0,94,0,0,9,0,0,0,Essay
journal.pbio.0020042.xml,1,0,0,12,30,0,2,3,2,0,44,Essay
journal.pmed.1001309.xml,0,65,0,2,78,0,9,3,0,0,0,Essay
journal.pbio.0050030.xml,3,58,0,3,29,0,2,7,3,0,0,Essay
journal.pmed.1000271.xml,0,4,2,5,174,0,2,0,0,0,8,Essay
journal.pmed.1000308.xml,0,0,0,1,404,0,0,39,0,0,0,Essay
journal.pbio.1000548.xml,1,6,1,1,90,1,0,14,11,6,0,Essay
journal.pmed.1001274.xml,0,3,0,2,90,0,8,1,0,2,5,Essay
journal.pmed.1001078.xml,0,4,0,12,10,0,3,4,0,0,72,Essay
journal.pctr.0010001.xml,0,27,0,12,48,0,0,1,2,0,68,Essay
journal.pmed.0040002.xml,0,1,0,8,173,0,11,0,4,0,0,Essay
journal.pmed.0020276.xml,0,0,0,2,64,0,0,0,0,0,1,Essay
journal.pbio.0000066.xml,0,7,3,0,69,0,0,0,1,17,0,Essay
journal.pctr.0010036.xml,0,83,1,21,92,0,15,9,0,0,33,Essay
journal.pbio.0050082.xml,0,4,3,8,80,0,5,15,4,5,18,Essay
journal.pmed.0030076.xml,0,0,0,3,122,0,0,11,0,0,0,Essay
journal.pmed.0020060.xml,0,3,0,0,95,0,0,0,0,0,5,Essay
journal.pbio.0050113.xml,0,0,0,5,99,0,0,4,2,0,2,Essay
journal.pmed.1001174.xml,1,5,0,0,56,0,0,7,0,1,0,Essay
journal.pmed.0030208.xml,0,0,3,4,182,0,0,4,2,1,14,Essay
journal.pmed.0020301.xml,0,10,0,1,140,0,0,5,0,0,6,Essay
journal.pmed.0030182.xml,0,1,0,0,82,0,0,9,1,0,0,Essay
journal.pmed.1001178.xml,0,0,0,3,127,0,0,0,5,1,5,Essay
journal.pbio.0050011.xml,2,7,4,9,44,0,0,12,3,0,0,Essay
journal.pbio.0060162.xml,0,1,0,6,90,0,0,0,1,0,85,Essay
journal.pmed.0020177.xml,0,0,0,2,48,0,0,4,0,4,7,Essay
journal.pbio.0040105.xml,4,2,5,2,187,0,0,36,7,18,1,Essay
journal.pbio.1000301.xml,0,48,0,19,26,0,7,19,0,9,58,Essay
journal.pbio.0050181.xml,0,0,1,6,86,0,0,0,0,2,18,Essay
journal.pmed.0020400.xml,0,0,0,2,153,0,0,1,0,0,3,Essay
journal.pbio.0040019.xml,2,1,2,15,135,0,0,0,0,3,0,Essay
journal.pmed.0020062.xml,0,0,0,0,75,0,0,3,0,2,0,Essay
journal.pbio.0050103.xml,0,0,3,3,272,0,0,24,10,5,2,Essay
journal.pbio.1000385.xml,1,45,9,8,192,0,11,78,2,3,3,Essay
journal.pbio.0030097.xml,0,0,1,3,52,0,0,0,2,0,8,Essay
journal.pmed.1001143.xml,3,1,4,3,247,0,0,29,2,4,13,Essay
journal.pmed.1001016.xml,0,0,0,4,91,0,0,0,4,0,0,Essay
journal.pmed.0020138.xml,0,1,0,3,96,0,0,1,2,2,0,Essay
journal.pmed.1001005.xml,0,3,0,0,40,0,0,3,0,0,7,Essay
journal.pbio.0030194.xml,0,2,3,0,126,0,0,5,0,0,91,Essay
journal.pmed.0010035.xml,0,1,0,2,68,0,0,0,0,0,5,Essay
journal.pbio.0000017.xml,0,2,0,12,43,0,0,0,0,0,8,Essay
journal.pbio.0060237.xml,0,4,0,12,121,0,13,0,0,1,43,Essay
journal.pmed.0030189.xml,0,0,3,4,44,0,0,1,0,0,25,Essay
journal.pmed.0030435.xml,0,0,0,0,82,0,0,12,0,0,14,Essay
journal.pmed.0020392.xml,0,3,0,6,143,0,3,20,0,0,0,Essay
journal.pmed.0030036.xml,0,5,0,3,89,0,5,0,0,0,14,Essay
journal.pmed.1000298.xml,0,0,0,0,66,0,0,0,2,0,17,Essay
journal.pbio.1000310.xml,0,31,0,2,165,0,39,16,0,0,47,Essay
journal.pmed.0030234.xml,0,0,0,10,70,0,0,0,5,0,13,Essay
journal.pmed.0010034.xml,0,0,0,0,51,0,0,0,0,0,0,Essay
journal.pbio.0040428.xml,0,12,2,14,43,0,3,3,5,0,5,Essay
journal.pmed.1001223.xml,0,0,0,3,135,0,21,12,0,0,0,Essay
journal.pmed.1001190.xml,0,0,0,1,54,0,0,15,0,0,67,Essay
journal.pmed.0040071.xml,0,17,0,18,149,0,17,27,0,0,5,Essay
journal.pmed.0030345.xml,0,0,0,6,123,0,0,0,0,0,11,Essay
journal.pmed.0030419.xml,0,0,1,2,129,0,10,3,1,0,2,Essay
journal.pmed.1001176.xml,0,0,0,9,182,0,8,4,0,0,15,Essay
journal.pmed.0020041.xml,0,2,0,7,43,0,0,2,2,0,30,Essay
journal.pmed.0030178.xml,1,5,0,0,101,0,25,16,0,0,20,Essay
journal.pmed.0030203.xml,0,0,0,0,194,0,1,0,0,1,0,Essay
journal.pmed.0020004.xml,0,0,0,2,65,0,1,1,3,0,10,Essay
journal.pmed.0010010.xml,0,2,2,1,89,0,3,0,0,0,14,Essay
journal.pmed.1001242.xml,0,0,0,0,118,0,0,0,0,0,50,Essay
journal.pctr.0010016.xml,0,30,0,0,7,0,3,0,0,0,96,Essay
journal.pmed.1000062.xml,0,7,0,4,82,0,14,18,0,0,45,Essay
journal.pmed.1001004.xml,0,16,0,13,5,0,1,0,0,0,62,Essay
journal.pbio.0060216.xml,0,22,0,21,202,0,44,13,4,0,9,Essay
journal.pmed.1001058.xml,0,7,1,10,220,0,54,1,0,0,0,Essay
journal.ppat.0020009.xml,0,16,0,5,3,0,5,0,0,0,48,Opinion
journal.ppat.1001077.xml,0,29,0,5,12,0,0,2,0,0,106,Opinion
journal.ppat.0020095.xml,0,29,0,10,23,0,7,3,0,0,70,Opinion
journal.ppat.1000638.xml,0,21,0,26,16,0,1,2,0,0,53,Opinion
journal.ppat.0030113.xml,0,57,0,1,21,0,17,4,0,0,123,Opinion
journal.ppat.1000989.xml,0,190,1,14,47,0,18,17,0,0,86,Opinion
journal.ppat.1000727.xml,0,64,0,12,47,0,4,3,0,0,30,Opinion
journal.ppat.1000002.xml,0,10,0,4,6,0,0,8,0,0,78,Opinion
journal.ppat.1000795.xml,0,180,0,9,29,0,21,4,0,0,136,Opinion
journal.ppat.1000246.xml,0,15,0,0,7,0,0,1,0,0,118,Opinion
journal.ppat.0020098.xml,0,31,0,0,7,0,14,2,0,0,88,Opinion
journal.ppat.0020044.xml,0,41,0,7,15,0,7,5,0,0,105,Opinion
journal.ppat.0020126.xml,0,36,0,0,30,0,2,0,0,0,92,Opinion
journal.ppat.1002401.xml,0,153,0,19,54,0,19,25,0,0,115,Opinion
journal.ppat.1001190.xml,0,5,0,7,14,0,0,3,0,0,48,Opinion
journal.ppat.1001241.xml,0,42,0,1,6,0,3,1,0,0,26,Opinion
journal.ppat.1002824.xml,0,36,0,10,39,0,23,1,0,1,212,Opinion
journal.ppat.1002656.xml,0,20,0,6,12,0,0,5,0,0,64,Opinion
journal.ppat.1002136.xml,0,8,0,7,13,0,0,2,0,0,97,Opinion
journal.ppat.0010040.xml,0,13,0,0,9,0,0,0,0,0,54,Opinion
journal.ppat.1000333.xml,0,49,0,11,17,0,4,1,0,0,137,Opinion
journal.ppat.1000103.xml,0,623,0,1,149,0,17,6,0,0,42,Opinion
journal.ppat.1002095.xml,0,32,0,0,7,0,0,3,0,0,90,Opinion
journal.ppat.1001219.xml,0,18,0,15,8,0,12,5,0,0,28,Opinion
journal.ppat.1000693.xml,0,126,1,11,63,0,15,9,0,0,220,Opinion
journal.ppat.1003246.xml,0,22,0,5,21,0,8,2,0,0,47,Opinion
journal.ppat.1000114.xml,0,51,0,5,9,0,4,5,0,0,22,Opinion
journal.ppat.1002154.xml,0,36,0,0,5,0,0,9,0,0,106,Opinion
journal.ppat.0040007.xml,0,91,0,0,22,0,29,6,0,0,117,Opinion
journal.ppat.0030012.xml,0,4,0,0,8,0,11,0,0,0,116,Opinion
journal.ppat.1002207.xml,0,59,0,8,4,0,4,2,0,0,17,Opinion
journal.ppat.0020067.xml,0,53,0,3,42,0,3,4,0,0,122,Opinion
journal.ppat.1000267.xml,0,28,0,13,5,0,1,4,0,0,52,Opinion
journal.ppat.0030055.xml,0,14,0,5,11,0,6,0,0,0,105,Opinion
journal.ppat.1000528.xml,0,17,0,3,6,0,9,5,0,0,36,Opinion
journal.ppat.1002352.xml,0,71,0,7,0,0,0,0,0,0,66,Opinion
journal.ppat.1002196.xml,0,25,0,0,9,0,8,2,0,0,38,Opinion
journal.ppat.1000908.xml,0,98,0,4,13,0,13,5,0,0,134,Opinion
journal.ppat.0030040.xml,0,19,0,0,6,0,8,0,0,0,23,Opinion
journal.ppat.1002527.xml,0,113,0,4,11,0,1,2,0,0,62,Opinion
journal.ppat.0010013.xml,0,9,0,0,1,0,0,0,0,0,17,Opinion
journal.ppat.0020008.xml,0,94,0,0,14,1,0,4,0,0,70,Opinion
journal.ppat.1003105.xml,0,14,0,7,8,0,10,1,0,0,78,Opinion
journal.ppat.0020090.xml,0,42,0,8,16,0,4,2,0,0,14,Opinion
journal.ppat.1000347.xml,0,85,0,0,15,0,0,13,0,0,94,Opinion
journal.ppat.1001095.xml,0,27,0,9,16,0,2,1,0,0,87,Opinion
journal.ppat.1002033.xml,0,70,0,6,24,0,6,6,0,1,98,Opinion
journal.ppat.0020072.xml,0,17,0,4,5,0,4,1,0,0,64,Opinion
journal.ppat.1002156.xml,0,21,0,4,6,0,1,0,0,0,30,Opinion
journal.ppat.1002943.xml,0,68,0,12,79,0,7,4,0,0,165,Opinion
journal.ppat.1000173.xml,0,69,0,0,9,0,11,3,0,0,97,Opinion
journal.ppat.1002208.xml,0,6,0,0,8,0,0,1,0,0,80,Opinion
journal.ppat.1002178.xml,0,96,0,6,10,0,13,3,0,0,73,Opinion
journal.ppat.1002652.xml,0,13,0,0,16,0,13,4,0,0,127,Opinion
journal.ppat.1000481.xml,0,82,0,0,46,0,4,8,0,0,85,Opinion
journal.ppat.1001019.xml,0,9,0,0,6,0,3,0,0,0,99,Opinion
journal.ppat.1000519.xml,0,26,0,4,16,0,4,0,0,0,118,Opinion
journal.ppat.1002894.xml,0,96,0,5,13,0,0,2,0,0,73,Opinion
journal.ppat.1001253.xml,0,107,0,7,23,0,2,0,0,0,48,Opinion
journal.ppat.1000507.xml,1,287,0,0,58,0,25,0,0,0,147,Opinion
journal.ppat.1001008.xml,0,86,0,6,30,0,3,8,0,0,128,Opinion
journal.ppat.0010021.xml,0,16,0,2,20,0,3,3,0,0,35,Opinion
journal.ppat.1002223.xml,0,20,0,2,14,0,1,6,0,0,53,Opinion
journal.ppat.1000950.xml,0,21,0,0,18,0,1,0,0,0,64,Opinion
journal.ppat.1000592.xml,0,7,0,5,13,0,3,7,0,0,43,Opinion
journal.ppat.1000803.xml,0,54,0,21,15,0,28,4,0,0,94,Opinion
journal.ppat.0030157.xml,0,61,0,8,9,0,12,0,0,0,59,Opinion
journal.ppat.0020122.xml,0,58,0,7,35,0,15,0,0,0,82,Opinion
journal.ppat.1000759.xml,0,17,0,0,8,0,5,8,0,0,62,Opinion
journal.ppat.0020015.xml,0,26,0,4,8,0,8,3,0,0,51,Opinion
journal.ppat.1003203.xml,0,31,0,0,15,0,3,5,0,0,137,Opinion
journal.ppat.0030043.xml,0,158,0,0,41,0,30,2,0,0,96,Opinion
journal.ppat.0040038.xml,0,13,0,0,8,0,0,0,0,0,32,Opinion
journal.ppat.1002399.xml,0,52,0,14,28,0,10,6,0,0,38,Opinion
journal.ppat.1000398.xml,0,15,0,5,7,0,0,2,0,0,18,Opinion
journal.ppat.1002590.xml,1,5,2,1,52,0,0,1,0,13,35,Opinion
journal.ppat.0020091.xml,0,37,0,0,19,0,1,2,0,0,65,Opinion
journal.ppat.0030016.xml,0,8,0,0,18,0,0,6,0,0,155,Opinion
journal.ppat.0030147.xml,0,20,0,0,12,0,0,1,0,0,57,Opinion
journal.ppat.1000404.xml,0,63,0,5,12,0,8,3,0,0,142,Opinion
journal.ppat.1001057.xml,0,36,0,0,14,0,3,4,0,0,76,Opinion
journal.ppat.1002926.xml,0,40,0,9,8,0,6,0,0,0,26,Opinion
journal.ppat.1002165.xml,0,61,0,4,15,0,8,0,0,0,83,Opinion
journal.ppat.1002344.xml,0,7,3,4,104,0,31,19,0,0,30,Opinion
journal.ppat.0030028.xml,0,30,0,4,7,0,21,2,0,0,35,Opinion
journal.ppat.0010038.xml,0,26,0,0,12,0,0,4,0,0,73,Opinion
journal.ppat.1000406.xml,0,52,0,0,16,0,27,0,0,0,41,Opinion
journal.ppat.1000199.xml,0,15,0,0,8,0,5,7,0,0,96,Opinion
journal.ppat.1000728.xml,0,60,0,4,25,0,8,0,0,0,3,Opinion
journal.ppat.1000221.xml,0,165,0,2,88,0,23,8,0,0,28,Opinion
journal.ppat.1000482.xml,0,430,0,8,188,0,0,3,0,0,9,Opinion
journal.ppat.1003262.xml,0,30,0,16,22,0,6,3,0,0,72,Opinion
journal.ppat.1002932.xml,0,79,0,0,6,0,0,6,0,0,43,Opinion
journal.pbio.0060262.xml,0,0,0,4,222,0,0,17,0,0,0,Perspective
journal.pbio.1000014.xml,0,1,2,8,172,0,5,17,2,4,17,Perspective
journal.pbio.1000030.xml,0,4,0,3,60,0,1,3,5,0,15,Perspective
journal.pbio.1000042.xml,0,0,0,7,181,0,0,0,2,0,0,Perspective
journal.pbio.1000069.xml,0,2,0,5,98,0,0,1,2,0,11,Perspective
journal.pbio.1000330.xml,0,5,0,1,58,0,0,4,5,0,34,Perspective
journal.pbio.1000331.xml,2,1,0,4,160,0,0,1,2,0,20,Perspective
journal.pbio.1000375.xml,0,41,0,0,12,0,8,10,0,0,42,Perspective
journal.pbio.0060073.xml,0,0,1,11,154,0,0,4,3,9,2,Perspective
journal.pbio.0060129.xml,1,0,0,0,109,0,0,1,0,2,0,Perspective
journal.pbio.1001373.xml,1,2,3,1,176,0,0,63,0,31,21,Perspective
journal.pbio.1001418.xml,0,0,2,3,115,0,0,0,3,16,0,Perspective
journal.pbio.1000412.xml,0,131,0,0,36,0,4,0,0,0,51,Perspective
journal.pbio.1000438.xml,0,40,0,22,31,0,5,0,0,0,138,Perspective
journal.pbio.1000551.xml,0,83,0,11,39,0,17,11,0,0,81,Perspective
journal.pbio.1000580.xml,0,6,0,2,110,0,26,11,0,0,8,Perspective
journal.pbio.1000602.xml,0,180,0,1,59,0,27,0,0,10,259,Perspective
journal.pbio.1001024.xml,0,47,0,2,7,0,9,5,0,0,16,Perspective
journal.pbio.1001159.xml,0,31,0,0,47,0,5,9,4,0,24,Perspective
journal.pbio.1001344.xml,0,29,0,7,17,0,14,8,0,0,58,Perspective
journal.pcbi.1000040.xml,0,28,0,5,33,0,7,11,0,0,64,Perspective
journal.pcbi.1000068.xml,0,74,0,1,68,0,21,3,0,0,165,Perspective
journal.pcbi.1000115.xml,0,47,0,4,45,0,16,5,0,0,237,Perspective
journal.pcbi.1000136.xml,1,16,0,5,4,0,4,0,0,0,57,Perspective
journal.pcbi.1000247.xml,0,7,0,12,17,0,0,1,0,0,77,Perspective
journal.pcbi.1000368.xml,0,15,0,0,28,0,2,5,0,0,13,Perspective
journal.pcbi.1000369.xml,0,35,0,7,24,0,6,3,0,0,81,Perspective
journal.pcbi.1000385.xml,0,94,0,4,19,0,6,6,0,0,260,Perspective
journal.pcbi.1000457.xml,0,20,0,0,18,0,8,7,0,0,80,Perspective
journal.pcbi.1000459.xml,0,134,0,18,51,0,17,18,0,0,289,Perspective
journal.pcbi.1000673.xml,0,5,0,0,11,0,0,7,0,0,70,Perspective
journal.pcbi.1000746.xml,0,27,0,0,13,0,3,3,0,0,60,Perspective
journal.pcbi.1000787.xml,0,27,0,4,16,0,5,1,0,0,105,Perspective
journal.pcbi.1000809.xml,0,85,0,18,28,0,28,5,0,0,162,Perspective
journal.pcbi.1001135.xml,0,146,0,3,48,0,9,0,0,0,80,Perspective
journal.pcbi.1002000.xml,0,47,0,0,12,0,11,4,0,0,89,Perspective
journal.pcbi.1002216.xml,0,22,0,9,7,0,0,5,0,0,89,Perspective
journal.pcbi.1002259.xml,0,27,0,3,19,0,18,8,0,0,60,Perspective
journal.pcbi.1002481.xml,0,46,0,11,194,32,59,15,0,21,138,Perspective
journal.pcbi.1002543.xml,0,9,0,0,6,0,0,2,0,0,40,Perspective
journal.pcbi.1002549.xml,0,56,0,6,19,0,9,8,0,1,75,Perspective
journal.pcbi.1002706.xml,0,2,3,2,67,0,0,13,1,0,28,Perspective
journal.pcbi.1003015.xml,3,86,2,4,0,0,15,48,0,2,23,Perspective
journal.pgen.0030224.xml,0,25,0,0,10,0,10,4,0,0,64,Perspective
journal.pcbi.0030257.xml,1,33,0,12,52,0,3,7,0,0,105,Perspective
journal.pcbi.1000020.xml,0,273,1,4,128,0,2,6,0,8,285,Perspective
journal.pgen.0040005.xml,0,4,0,10,5,0,0,1,0,0,49,Perspective
journal.pgen.1000122.xml,0,21,0,2,9,0,15,1,0,0,54,Perspective
journal.pgen.1000134.xml,0,27,0,0,15,0,0,5,0,0,52,Perspective
journal.pgen.1000210.xml,0,23,0,0,6,0,0,3,0,0,32,Perspective
journal.pgen.1000232.xml,0,166,0,18,60,0,34,1,0,0,19,Perspective
journal.pgen.1000248.xml,0,56,0,0,22,0,15,2,0,0,21,Perspective
journal.pgen.1000268.xml,0,61,0,6,27,0,9,0,0,0,100,Perspective
journal.pgen.1000272.xml,1,35,0,0,9,0,0,0,0,0,33,Perspective
journal.pgen.1000276.xml,0,90,0,1,50,0,21,4,0,0,54,Perspective
journal.pgen.1000306.xml,0,50,0,0,16,0,1,3,0,0,61,Perspective
journal.pgen.1000335.xml,0,33,0,0,11,0,3,4,0,0,32,Perspective
journal.pgen.1000340.xml,0,24,0,0,25,0,5,11,0,0,32,Perspective
journal.pgen.1000359.xml,0,50,1,2,23,0,4,4,0,0,155,Perspective
journal.pgen.1000370.xml,2,42,0,0,5,0,2,1,0,0,42,Perspective
journal.pgen.1000371.xml,0,21,0,2,4,0,0,0,0,0,75,Perspective
journal.pgen.1000388.xml,0,26,0,5,14,0,0,0,0,0,37,Perspective
journal.pgen.1000418.xml,0,28,0,1,9,0,2,0,0,0,49,Perspective
journal.pgen.1000593.xml,0,24,0,9,5,0,0,0,0,0,48,Perspective
journal.pgen.1000603.xml,0,24,0,0,8,0,0,0,0,0,17,Perspective
journal.pgen.1000643.xml,0,14,0,3,10,0,0,5,0,0,53,Perspective
journal.pgen.1000655.xml,0,32,0,0,35,0,11,1,0,0,23,Perspective
journal.pgen.1000724.xml,0,22,0,9,24,0,6,0,0,0,30,Perspective
journal.pgen.1000736.xml,0,49,0,0,10,0,12,0,0,0,122,Perspective
journal.pgen.1000770.xml,0,23,0,5,14,0,3,1,0,2,64,Perspective
journal.pgen.1000815.xml,0,18,0,0,18,0,5,2,0,0,80,Perspective
journal.pgen.1000822.xml,0,25,0,0,19,0,3,0,0,0,68,Perspective
journal.pgen.1000906.xml,0,46,0,0,17,0,0,0,0,0,34,Perspective
journal.pgen.1001180.xml,0,69,0,1,16,0,9,0,0,0,37,Perspective
journal.pgen.1001197.xml,0,0,0,0,0,0,0,0,0,0,67,Perspective
journal.pgen.1001210.xml,0,61,0,9,13,0,0,6,0,0,43,Perspective
journal.pgen.1001223.xml,0,22,0,1,12,0,7,0,0,0,23,Perspective
journal.pgen.1002213.xml,0,120,0,10,18,0,0,4,0,0,88,Perspective
journal.pgen.1002601.xml,0,17,0,7,20,0,0,2,0,0,32,Perspective
journal.pgen.1002623.xml,0,4,0,2,10,0,0,4,1,0,63,Perspective
journal.pgen.1002737.xml,0,12,0,5,17,0,0,4,0,0,34,Perspective
journal.pgen.1002758.xml,0,0,0,0,3,0,0,1,0,0,74,Perspective
journal.pgen.1002773.xml,0,2,0,0,8,0,2,0,0,0,137,Perspective
journal.pgen.1002802.xml,0,28,0,0,9,0,0,1,0,0,61,Perspective
journal.pgen.1002807.xml,0,40,0,0,8,0,4,0,0,0,23,Perspective
journal.pgen.1002848.xml,0,28,0,1,20,0,5,2,0,0,35,Perspective
journal.pgen.1002859.xml,0,103,0,3,44,0,0,6,0,1,52,Perspective
journal.pgen.1002860.xml,0,39,0,2,6,0,1,2,0,0,42,Perspective
journal.pgen.1002909.xml,0,19,0,1,11,0,0,11,0,0,21,Perspective
journal.pgen.1002939.xml,0,6,1,6,15,0,0,0,0,0,52,Perspective
journal.pgen.1002955.xml,0,45,0,1,27,0,1,1,0,0,86,Perspective
journal.pgen.1002975.xml,0,21,0,1,19,1,2,0,0,0,52,Perspective
journal.pgen.1002989.xml,0,26,0,3,7,0,0,0,0,0,48,Perspective
journal.pgen.1003008.xml,0,30,0,0,7,0,14,0,0,0,69,Perspective
journal.pgen.1003024.xml,0,23,0,3,10,0,0,0,0,0,54,Perspective
journal.pgen.1003086.xml,0,271,0,3,56,0,20,4,0,0,45,Perspective
journal.pgen.1003096.xml,0,6,0,6,4,0,0,3,0,0,62,Perspective
journal.pgen.1003117.xml,0,26,0,0,12,0,7,1,0,0,78,Perspective
journal.pgen.1003154.xml,0,7,0,6,12,0,0,5,0,0,38,Perspective
journal.pgen.1003300.xml,0,154,0,3,38,0,1,12,0,0,59,Perspective
journal.pgen.1003370.xml,0,11,0,2,18,0,0,2,0,0,71,Perspective
journal.pgen.1003442.xml,0,85,0,0,13,0,2,1,0,0,45,Perspective
journal.pmed.0010002.xml,1,5,0,0,95,0,6,0,0,0,3,Perspective
journal.pmed.0010020.xml,0,1,0,6,119,0,4,0,0,0,3,Perspective
journal.pmed.0010061.xml,0,2,0,0,62,0,0,1,0,0,5,Perspective
journal.pmed.0020005.xml,0,2,0,4,34,0,6,2,0,0,25,Perspective
journal.pmed.0020033.xml,0,2,1,4,115,0,4,2,0,1,0,Perspective
journal.pmed.0020075.xml,0,0,0,0,100,0,0,0,0,0,7,Perspective
journal.pmed.0020110.xml,0,0,0,4,177,0,0,19,1,0,0,Perspective
journal.pmed.0020151.xml,0,1,0,3,68,0,0,0,0,0,0,Perspective
journal.pmed.0020180.xml,1,4,1,4,74,0,2,0,1,8,0,Perspective
journal.pmed.0020181.xml,0,1,1,4,40,0,0,4,2,2,0,Perspective
journal.pmed.0020214.xml,0,6,0,0,35,0,0,5,2,0,0,Perspective
journal.pmed.0020230.xml,0,7,0,2,39,0,1,1,2,0,16,Perspective
journal.pmed.0020342.xml,0,0,0,1,42,0,0,0,0,0,10,Perspective
journal.pmed.0020348.xml,0,0,0,0,49,0,0,8,0,0,0,Perspective
journal.pmed.0020377.xml,0,6,0,7,72,0,13,1,0,0,12,Perspective
journal.pmed.0020393.xml,0,6,0,8,22,0,9,1,0,0,9,Perspective
journal.pmed.0020409.xml,0,0,0,0,47,0,2,0,0,0,3,Perspective
journal.pmed.0020415.xml,0,0,0,0,40,0,0,0,0,0,21,Perspective
journal.pmed.0030057.xml,0,0,0,5,140,0,0,0,0,0,2,Perspective
journal.pmed.0030099.xml,0,3,0,1,33,0,0,16,4,0,2,Perspective
journal.pmed.0030103.xml,2,5,0,5,52,0,2,9,0,0,9,Perspective
journal.pmed.0030430.xml,0,0,0,3,42,0,0,0,0,0,0,Perspective
journal.pmed.0030432.xml,0,3,0,0,83,0,6,0,0,0,0,Perspective
journal.pmed.0030440.xml,2,4,0,1,53,0,0,0,0,0,7,Perspective
journal.pmed.0030479.xml,0,0,0,4,81,0,0,0,0,0,0,Perspective
journal.pmed.0030496.xml,0,1,0,3,53,0,0,0,0,0,15,Perspective
journal.pmed.0030498.xml,1,13,0,0,59,0,1,6,0,0,3,Perspective
journal.pmed.0040006.xml,0,0,1,3,33,0,3,1,4,0,4,Perspective
journal.pmed.0040024.xml,0,4,0,5,59,0,0,0,1,1,0,Perspective
journal.pmed.0040034.xml,0,1,0,1,49,0,0,0,0,0,12,Perspective
journal.pmed.0040045.xml,0,1,0,0,147,0,0,0,0,0,0,Perspective
journal.pmed.0040047.xml,0,2,2,2,62,0,4,0,1,2,2,Perspective
journal.pmed.0040048.xml,0,1,0,0,77,0,26,3,0,0,0,Perspective
journal.pmed.0040117.xml,0,5,0,0,13,0,8,0,0,0,14,Perspective
journal.pmed.0040149.xml,2,0,0,0,53,0,0,0,0,0,8,Perspective
journal.pmed.0040153.xml,2,1,0,2,80,0,7,0,0,0,19,Perspective
journal.pmed.0040222.xml,0,0,0,1,64,0,0,0,2,0,0,Perspective
journal.pmed.0040228.xml,0,2,0,9,64,0,0,1,0,0,65,Perspective
journal.pmed.0040243.xml,0,9,1,5,74,0,2,0,3,0,0,Perspective
journal.pmed.0040267.xml,0,2,0,0,87,0,0,1,1,0,3,Perspective
journal.pmed.0040287.xml,0,0,0,0,130,0,0,0,0,0,0,Perspective
journal.pmed.0040319.xml,0,0,0,1,49,0,2,1,1,0,2,Perspective
journal.pmed.0050162.xml,0,1,0,7,74,0,0,2,0,0,0,Perspective
journal.pmed.0050174.xml,0,3,0,2,65,0,6,3,0,0,3,Perspective
journal.pmed.0050189.xml,0,0,0,0,65,0,0,0,0,0,0,Perspective
journal.pmed.0050194.xml,0,20,0,8,17,0,3,2,0,0,10,Perspective
journal.pmed.0050216.xml,0,9,0,2,67,0,19,0,0,0,0,Perspective
journal.pmed.0050220.xml,0,4,0,0,45,0,7,1,0,0,0,Perspective
journal.pmed.0050221.xml,2,0,1,1,63,0,0,0,1,0,0,Perspective
journal.pmed.0050229.xml,1,9,1,3,33,0,6,3,0,0,8,Perspective
journal.pmed.1000359.xml,0,3,0,4,57,0,0,0,13,0,0,Perspective
journal.pmed.1000392.xml,1,4,0,3,34,0,0,1,0,0,21,Perspective
journal.pmed.0050231.xml,2,0,1,1,35,0,0,0,0,0,28,Perspective
journal.pmed.0050249.xml,1,0,1,0,43,0,0,0,0,0,13,Perspective
journal.pmed.1000274.xml,0,0,0,1,63,0,0,6,3,0,19,Perspective
journal.pmed.1000276.xml,0,0,0,0,77,0,11,0,0,0,6,Perspective
journal.pmed.1000281.xml,0,0,0,0,93,0,0,0,0,0,0,Perspective
journal.pmed.1000288.xml,0,0,0,0,48,0,0,0,0,0,30,Perspective
journal.pmed.1000355.xml,0,0,0,6,51,0,0,0,0,0,0,Perspective
journal.pmed.1000358.xml,0,2,0,0,25,0,1,1,0,0,24,Perspective
journal.pmed.1000410.xml,0,25,0,4,83,0,4,3,2,0,0,Perspective
journal.pmed.1000417.xml,1,2,0,0,71,0,0,0,0,0,10,Perspective
journal.pmed.1000421.xml,0,0,0,0,62,0,0,3,0,0,0,Perspective
journal.pmed.1000432.xml,0,6,0,0,53,0,0,1,0,0,14,Perspective
journal.pmed.1001001.xml,0,5,0,0,9,0,1,0,0,0,62,Perspective
journal.pmed.1001011.xml,0,8,0,8,8,0,0,0,0,0,14,Perspective
journal.pmed.1001021.xml,0,0,0,0,34,0,0,0,0,0,29,Perspective
journal.pmed.1001039.xml,0,2,0,0,55,0,0,0,2,0,10,Perspective
journal.pmed.1001060.xml,0,0,0,0,56,0,0,0,0,0,0,Perspective
journal.pmed.1001064.xml,0,9,0,9,129,0,1,10,0,0,0,Perspective
journal.pmed.1001085.xml,0,0,2,0,27,0,3,0,1,0,13,Perspective
journal.pmed.1001088.xml,0,3,0,0,40,0,8,0,0,0,21,Perspective
journal.pmed.1001101.xml,0,0,0,3,46,0,0,0,0,0,11,Perspective
journal.pmed.1001114.xml,0,7,0,3,45,0,2,0,0,0,7,Perspective
journal.pmed.1001138.xml,0,3,0,3,42,0,0,0,0,0,27,Perspective
journal.pmed.1001144.xml,0,0,0,4,22,0,0,1,0,0,21,Perspective
journal.pmed.1001148.xml,0,4,0,0,68,0,0,0,0,0,3,Perspective
journal.pmed.1001171.xml,0,0,0,0,103,0,2,0,0,0,0,Perspective
journal.pmed.1001071.xml,0,1,0,0,77,0,6,0,0,1,8,Perspective
journal.pmed.1001072.xml,0,0,0,4,138,0,0,0,1,0,1,Perspective
journal.pmed.1001188.xml,0,2,1,0,20,0,7,3,0,0,57,Perspective
journal.pmed.1001191.xml,0,0,0,3,87,0,0,0,0,0,0,Perspective
journal.pmed.1001202.xml,0,7,0,5,60,0,3,0,0,0,11,Perspective
journal.pmed.1001254.xml,0,0,0,0,27,0,0,0,0,0,39,Perspective
journal.pmed.1001267.xml,0,4,0,2,72,0,7,0,0,0,0,Perspective
journal.pmed.1001291.xml,0,0,0,5,71,0,0,0,0,0,14,Perspective
journal.pmed.1001311.xml,0,9,0,4,7,0,1,5,0,0,46,Perspective
journal.pmed.1001314.xml,0,4,1,1,53,0,0,0,0,0,25,Perspective
journal.pmed.1001318.xml,0,0,0,0,56,0,0,0,1,0,0,Perspective
journal.pmed.1001341.xml,0,3,0,0,44,0,0,1,1,0,7,Perspective
journal.pmed.1001345.xml,0,5,0,0,52,0,0,11,0,0,3,Perspective
journal.pmed.1001364.xml,0,9,0,13,28,0,2,0,0,0,11,Perspective
journal.pmed.1001365.xml,0,2,0,2,57,0,0,0,0,0,16,Perspective
journal.pmed.1001368.xml,1,0,0,4,86,0,0,0,0,0,26,Perspective
journal.pmed.1001370.xml,0,0,0,0,9,0,0,0,0,0,62,Perspective
journal.pmed.1001389.xml,0,0,0,1,49,0,0,0,0,2,36,Perspective
journal.pmed.1001428.xml,0,3,0,3,42,0,10,0,0,0,20,Perspective
journal.pmed.1001432.xml,0,0,0,0,49,0,0,0,0,0,42,Perspective
journal.pbio.0040372.xml,1,23,3,2,144,2,7,12,2,61,164,Research
journal.pbio.0050013.xml,1,56,4,9,166,0,43,7,0,116,32,Research
journal.pgen.1000386.xml,1,147,2,10,210,14,84,10,0,138,21,Research
journal.pgen.1000502.xml,3,107,5,39,328,30,42,11,3,133,14,Research
journal.pbio.0050020.xml,1,110,0,29,173,19,123,8,0,23,40,Research
journal.pbio.0050037.xml,1,240,1,1,604,0,134,5,0,9,27,Research
journal.pcbi.1000461.xml,0,402,0,10,835,0,102,12,0,2,169,Research
journal.pgen.1000331.xml,0,319,1,6,327,0,69,5,0,47,23,Research
journal.pgen.1000334.xml,3,337,4,9,477,16,206,4,0,120,23,Research
journal.pgen.1000336.xml,0,365,0,43,654,0,51,6,1,59,77,Research
journal.pgen.1000348.xml,0,191,3,36,426,2,150,9,0,75,106,Research
journal.pgen.1000385.xml,0,140,0,15,284,5,69,9,0,10,49,Research
journal.pntd.0000321.xml,0,96,0,0,110,0,7,5,0,25,89,Research
journal.pone.0000793.xml,0,750,0,15,107,0,63,2,0,0,61,Research
journal.pone.0000836.xml,0,69,0,0,20,9,109,9,0,0,219,Research
journal.pone.0001014.xml,0,99,0,27,109,0,59,6,0,15,62,Research
journal.pone.0001028.xml,0,211,0,13,14,5,3,8,0,1,104,Research
journal.pone.0003391.xml,0,41,3,20,55,0,67,10,0,0,69,Research
journal.pone.0003441.xml,1,73,0,0,202,18,75,9,1,20,61,Research
journal.pone.0003456.xml,5,283,2,35,225,0,89,37,1,21,15,Research
journal.pgen.1003092.xml,2,201,15,69,651,5,103,12,0,164,23,Research
journal.pntd.0000100.xml,0,52,0,0,83,15,33,1,0,13,9,Research
journal.pone.0003460.xml,1,93,0,26,196,26,173,13,1,28,42,Research
journal.pone.0003570.xml,0,310,0,6,38,0,59,8,0,0,153,Research
journal.pone.0005935.xml,1,130,0,3,15,8,72,3,0,0,205,Research
journal.pone.0005936.xml,0,77,1,12,119,24,24,8,8,39,98,Research
journal.pone.0005938.xml,0,173,1,11,388,0,89,9,0,10,71,Research
journal.pone.0005939.xml,0,330,1,7,43,0,38,1,0,0,115,Research
journal.pone.0005949.xml,0,95,6,17,275,5,89,5,1,10,26,Research
journal.pone.0006004.xml,0,260,0,0,45,0,172,10,0,0,165,Research
journal.pone.0006006.xml,2,69,6,10,222,26,87,3,2,88,7,Research
journal.pone.0006011.xml,2,88,10,0,191,7,145,2,0,71,11,Research
journal.pone.0006012.xml,0,12,1,11,252,0,17,2,0,0,103,Research
journal.pone.0006017.xml,0,97,7,16,125,0,9,27,1,36,59,Research
journal.pone.0006019.xml,0,251,0,12,45,0,84,8,0,0,108,Research
journal.pone.0006024.xml,0,56,1,39,322,13,22,5,1,5,74,Research
journal.pone.0006028.xml,0,141,0,15,28,4,112,20,0,0,109,Research
journal.pone.0006038.xml,0,101,0,4,46,0,27,6,0,0,44,Research
journal.pone.0006043.xml,1,42,0,5,99,0,7,1,0,16,47,Research
journal.pone.0006045.xml,1,148,2,34,145,0,36,1,0,19,48,Research
journal.pone.0006049.xml,1,43,7,0,161,36,18,4,0,68,33,Research
journal.pone.0006065.xml,1,54,7,16,246,63,20,3,0,15,12,Research
journal.pone.0011323.xml,0,169,2,1,25,44,103,1,0,0,127,Research
journal.pone.0011327.xml,1,33,2,38,166,101,30,16,0,97,20,Research
journal.pone.0006211.xml,4,68,0,38,161,0,92,4,0,15,76,Research
journal.pone.0006214.xml,0,225,0,0,51,1,129,0,0,0,106,Research
journal.pone.0006216.xml,0,327,0,0,22,0,67,7,0,0,74,Research
journal.pone.0008574.xml,1,263,1,5,384,8,31,1,0,21,42,Research
journal.pone.0008576.xml,0,230,0,14,28,0,102,0,0,0,95,Research
journal.pone.0008588.xml,0,331,0,12,31,0,54,5,0,0,154,Research
journal.pone.0008610.xml,0,214,0,4,32,0,121,2,0,0,144,Research
journal.pone.0011321.xml,0,566,1,2,78,5,7,8,0,0,99,Research
journal.pone.0011371.xml,0,35,8,4,285,47,43,17,2,84,68,Research
journal.pone.0011537.xml,1,43,2,3,79,8,5,17,1,144,10,Research
journal.pone.0014024.xml,0,152,3,15,36,3,13,1,0,0,51,Research
journal.pone.0016605.xml,4,62,3,5,33,0,11,19,0,7,221,Research
journal.pone.0022152.xml,3,218,1,11,220,0,18,9,0,0,39,Research
journal.pone.0022138.xml,1,311,1,5,54,0,91,3,0,0,267,Research
journal.pone.0032910.xml,1,103,0,13,364,0,119,1,0,41,196,Research
journal.pone.0040634.xml,0,448,0,10,304,0,85,5,0,36,122,Research
journal.pone.0027268.xml,0,117,1,20,67,0,14,14,6,39,101,Research
journal.pone.0035342.xml,0,253,0,18,139,0,75,4,0,10,33,Research
journal.pone.0030223.xml,0,48,1,36,161,0,35,0,0,0,150,Research
journal.pone.0033021.xml,1,52,3,39,112,3,105,7,0,13,76,Research
journal.pone.0022043.xml,1,45,1,24,170,18,95,2,2,11,137,Research
journal.pone.0056456.xml,0,420,0,1,52,10,178,0,0,0,157,Research
journal.pone.0027382.xml,1,162,0,0,217,0,42,2,2,6,141,Research
journal.pone.0013961.xml,0,169,1,14,37,12,60,2,0,0,284,Research
journal.pone.0022107.xml,1,62,0,28,140,13,35,8,1,34,72,Research
journal.pone.0037953.xml,0,54,0,3,130,5,71,6,2,40,73,Research
journal.pone.0045824.xml,0,626,0,4,57,3,78,9,0,0,173,Research
journal.pone.0030353.xml,0,207,0,5,30,0,7,6,0,0,126,Research
journal.pone.0019376.xml,1,78,3,21,279,9,89,8,0,56,99,Research
journal.pone.0022100.xml,0,335,0,0,23,0,36,5,0,0,87,Research
journal.pone.0040658.xml,0,235,0,0,2,3,17,1,0,0,63,Research
journal.pone.0027342.xml,0,207,4,10,243,0,58,8,5,0,91,Research
journal.pone.0045729.xml,1,74,4,30,346,27,37,8,0,13,211,Research
journal.pone.0030224.xml,0,91,2,8,354,0,74,10,0,95,44,Research
journal.pone.0056644.xml,1,103,3,3,191,0,96,5,4,6,70,Research
journal.pone.0056509.xml,0,316,2,1,168,0,28,8,0,8,53,Research
journal.pone.0037875.xml,0,24,1,3,171,3,90,8,0,3,105,Research
journal.pone.0051204.xml,0,575,1,19,66,0,8,4,0,0,66,Research
journal.pone.0045816.xml,0,36,1,11,505,158,14,6,0,0,51,Research
journal.pone.0045811.xml,0,32,3,3,151,0,4,5,6,31,120,Research
journal.pone.0013998.xml,0,262,0,1,9,0,3,10,0,0,92,Research
journal.pone.0013932.xml,0,217,0,1,24,5,142,2,0,0,165,Research
journal.pone.0045715.xml,4,83,2,0,390,8,23,9,3,14,129,Research
journal.pone.0053929.xml,0,216,7,7,243,0,109,13,4,8,50,Research
journal.pone.0040635.xml,0,288,2,15,572,0,51,0,0,54,53,Research
journal.pone.0024836.xml,0,372,2,27,32,0,35,10,0,0,127,Research
journal.pone.0045854.xml,0,229,2,12,49,0,15,23,0,10,119,Research
journal.pone.0032813.xml,0,42,0,3,75,9,38,4,3,4,151,Research
journal.pone.0045786.xml,0,268,2,1,15,7,40,4,0,0,65,Research
journal.pone.0032895.xml,0,198,3,16,185,28,88,6,0,28,61,Research
journal.pone.0043298.xml,2,99,2,41,175,2,74,4,2,3,50,Research
journal.pone.0024667.xml,0,45,0,0,8,0,25,2,0,0,102,Research
journal.pone.0030139.xml,0,360,0,19,67,0,89,2,0,0,309,Research
journal.pone.0022133.xml,0,93,1,33,215,7,60,0,1,31,66,Research
journal.pone.0019384.xml,4,117,1,3,251,8,37,4,1,7,97,Research
journal.pone.0043202.xml,0,123,0,10,320,2,36,3,3,2,60,Research
journal.pone.0030354.xml,0,231,0,2,207,0,27,0,0,0,58,Research
journal.pone.0051256.xml,0,455,1,8,30,7,20,4,0,1,84,Research
journal.pone.0032814.xml,0,184,0,32,395,3,18,4,1,44,90,Research
journal.pone.0045812.xml,0,105,1,1,152,39,58,8,0,15,70,Research
journal.pone.0032810.xml,2,152,0,11,170,53,119,3,0,41,53,Research
journal.pone.0027294.xml,1,371,0,1,69,3,71,13,0,0,146,Research
journal.pone.0048413.xml,1,66,0,41,140,0,12,12,0,2,109,Research
journal.pone.0022054.xml,3,466,1,9,167,4,143,8,0,21,103,Research
journal.pone.0043171.xml,0,1450,0,0,132,0,53,5,0,0,15,Research
journal.pone.0024847.xml,1,69,0,0,22,14,76,3,0,0,262,Research
journal.pone.0032912.xml,2,57,2,24,145,14,107,6,4,20,37,Research
journal.pone.0019364.xml,0,197,1,40,238,15,193,1,6,25,69,Research
journal.pone.0032493.xml,2,86,1,8,218,7,69,6,0,27,19,Research
journal.pone.0024594.xml,0,100,0,8,149,22,100,5,1,18,60,Research
journal.pone.0022127.xml,0,21,0,3,133,0,37,12,0,2,111,Research
journal.pone.0040704.xml,0,418,2,1,31,0,48,13,0,0,141,Research
journal.pone.0019400.xml,0,146,2,3,109,0,67,4,0,21,112,Research
journal.pone.0022125.xml,0,38,8,33,84,42,72,40,1,128,0,Research
journal.pone.0027357.xml,0,156,0,6,491,0,75,5,0,72,219,Research
journal.pone.0024638.xml,1,137,3,11,195,5,97,11,0,17,99,Research
journal.pone.0037870.xml,0,130,0,5,30,0,35,3,0,0,86,Research
journal.pone.0059183.xml,0,421,0,9,35,5,25,1,0,0,66,Research
journal.pone.0043251.xml,0,160,0,39,481,0,114,1,0,10,143,Research
journal.pone.0032827.xml,2,395,2,28,262,1,56,4,0,36,35,Research
journal.pone.0022036.xml,1,223,2,10,397,14,113,4,0,72,21,Research
journal.pone.0059184.xml,0,53,0,11,196,16,15,4,3,12,74,Research
journal.pone.0022123.xml,0,68,5,0,118,0,23,9,3,4,156,Research
journal.pone.0030350.xml,0,641,0,0,80,0,79,7,0,0,65,Research
journal.pone.0043465.xml,1,86,5,1,176,7,146,10,3,63,69,Research
journal.pone.0027344.xml,2,95,2,24,411,0,22,1,0,34,26,Research
journal.pone.0024648.xml,0,208,0,12,24,0,84,7,0,0,237,Research
journal.pone.0048453.xml,0,277,1,0,72,0,42,7,0,0,95,Research
journal.pone.0037873.xml,0,135,1,19,103,5,70,4,0,34,89,Research
journal.pone.0022067.xml,0,288,0,11,55,0,24,19,0,0,162,Research
journal.pone.0033028.xml,0,179,6,21,107,18,46,8,2,15,81,Research
journal.pone.0045727.xml,0,445,0,0,39,6,48,0,0,0,245,Research
journal.pone.0032812.xml,1,223,1,5,382,1,80,3,0,60,56,Research
journal.pone.0024660.xml,0,180,1,3,27,14,47,3,0,0,206,Research
journal.pone.0037872.xml,1,277,0,84,743,28,167,9,0,58,36,Research
journal.pone.0051299.xml,3,233,0,0,142,0,30,19,0,8,24,Research
journal.pone.0038127.xml,0,186,0,0,15,0,11,3,0,0,40,Research
journal.pone.0043166.xml,0,54,4,52,141,0,119,8,3,62,85,Research
journal.pone.0019389.xml,0,136,0,1,0,0,23,2,0,0,87,Research
journal.pone.0022167.xml,0,416,0,10,79,0,64,11,0,0,102,Research
journal.pone.0014016.xml,0,688,0,0,97,0,36,2,0,0,73,Research
journal.pone.0032815.xml,0,82,3,26,145,0,56,13,0,32,54,Research
journal.pone.0016713.xml,0,56,2,43,233,14,68,1,0,22,57,Research
journal.pone.0045831.xml,0,457,0,4,53,0,26,4,0,0,128,Research
journal.pone.0045740.xml,0,305,0,3,594,111,5,2,0,0,132,Research
journal.pone.0059182.xml,0,388,2,11,132,1,113,2,0,41,29,Research
journal.pone.0043163.xml,0,257,3,14,145,8,45,9,2,48,317,Research
journal.pone.0019618.xml,0,118,1,0,19,4,56,2,0,0,105,Research
journal.pone.0048379.xml,0,214,2,4,28,1,94,10,0,0,50,Research
journal.pone.0048387.xml,0,304,0,19,28,1,45,3,0,0,137,Research
journal.pone.0035364.xml,2,107,0,0,14,13,62,14,0,0,68,Research
journal.pone.0045737.xml,0,42,1,0,141,4,24,7,1,7,142,Research
journal.pone.0043173.xml,0,194,0,17,38,3,48,1,0,0,120,Research
journal.pone.0045714.xml,0,72,5,0,152,0,37,5,4,1,142,Research
journal.pone.0056475.xml,0,257,0,39,211,0,22,16,0,0,0,Research
journal.pone.0022120.xml,0,36,0,3,226,13,97,0,0,20,0,Research
journal.pone.0056659.xml,0,322,0,34,171,3,53,12,1,5,50,Research
journal.pone.0024614.xml,0,283,2,17,357,0,125,11,0,19,53,Research
journal.pone.0035281.xml,0,282,0,0,31,0,32,7,0,0,88,Research
journal.pone.0035521.xml,3,96,0,32,228,15,66,3,0,45,84,Research
journal.pone.0043236.xml,0,133,3,5,200,3,63,6,2,1,64,Research
journal.pone.0053868.xml,0,330,0,7,26,0,27,7,0,0,73,Research
journal.pone.0051261.xml,0,207,1,21,173,93,31,3,0,6,0,Research
journal.pone.0024639.xml,0,202,0,16,193,0,79,7,0,0,67,Research
journal.pone.0011553.xml,0,313,0,4,27,0,12,8,0,0,37,Research
journal.pone.0037892.xml,0,117,0,32,138,0,64,6,0,7,89,Research
journal.pone.0040632.xml,0,84,4,22,289,0,89,23,4,5,153,Research
journal.pone.0027267.xml,2,42,0,0,192,30,41,7,3,23,118,Research
journal.pone.0022170.xml,1,121,1,0,220,9,92,5,1,19,67,Research
journal.pone.0030186.xml,1,113,1,57,568,8,126,4,0,57,59,Research
journal.pone.0040659.xml,0,151,1,63,219,0,192,0,0,18,42,Research
journal.pone.0026743.xml,0,399,0,1,31,0,42,0,0,0,135,Research
journal.pone.0014000.xml,0,373,2,6,38,0,61,5,0,0,62,Research
journal.pone.0019377.xml,0,37,1,20,167,0,11,11,0,10,236,Research
journal.pone.0059206.xml,0,68,2,22,115,0,44,5,0,0,48,Research
journal.pone.0016677.xml,1,80,0,0,139,0,16,5,0,10,134,Research
journal.pone.0022168.xml,0,246,1,46,434,31,81,6,2,67,130,Research
journal.pone.0048462.xml,0,164,0,2,28,0,30,7,0,0,132,Research
journal.pone.0059248.xml,0,180,1,13,155,0,102,19,0,3,100,Research
journal.pone.0013960.xml,3,109,0,0,31,0,104,3,0,0,103,Research
journal.pone.0056508.xml,1,131,2,6,210,0,79,10,2,36,34,Research
journal.pone.0037962.xml,0,97,1,2,4,3,66,11,0,0,104,Research
journal.pone.0059203.xml,3,212,0,22,143,33,46,8,0,15,63,Research
journal.pone.0040706.xml,0,385,0,12,22,0,63,6,0,0,192,Research
journal.pone.0053931.xml,0,64,2,0,93,11,30,0,1,5,56,Research
journal.pone.0024838.xml,0,308,0,8,29,1,27,1,0,0,95,Research
journal.ppat.1002205.xml,0,262,1,47,468,10,112,2,0,62,124,Research
journal.pone.0045802.xml,0,253,0,0,32,0,13,1,0,0,74,Research
journal.pone.0019308.xml,0,222,1,2,25,0,64,3,0,0,240,Research
journal.pone.0035529.xml,2,223,2,5,111,0,39,4,0,15,182,Research
journal.pone.0022130.xml,2,505,0,18,56,0,42,20,0,1,85,Research
journal.pone.0045788.xml,0,818,0,6,94,0,17,7,0,0,48,Research
journal.pone.0033012.xml,3,69,4,7,134,0,17,10,2,102,124,Research
journal.pone.0013993.xml,1,285,0,8,40,5,85,6,0,0,176,Research
journal.pone.0045846.xml,0,515,1,13,218,0,42,11,0,0,39,Research
journal.pone.0022132.xml,0,192,2,5,223,12,78,3,2,91,55,Research
journal.pcbi.0010024.xml,0,2,0,0,187,0,7,22,0,0,82,Review
journal.pcbi.0010042.xml,0,16,0,18,31,0,19,9,0,0,191,Review
journal.pcbi.0010061.xml,0,15,0,37,548,0,208,3,0,0,99,Review
journal.pcbi.0020071.xml,0,3,0,1,122,0,0,0,0,0,205,Review
journal.pcbi.0020081.xml,2,7,0,3,208,0,10,14,0,4,202,Review
journal.pcbi.0020091.xml,0,0,1,7,116,0,0,2,5,0,197,Review
journal.pcbi.0030138.xml,0,8,3,12,209,0,27,8,1,0,49,Review
journal.pcbi.0040012.xml,0,24,7,3,358,0,50,9,5,0,86,Review
journal.pcbi.1000014.xml,1,4,1,4,137,0,0,15,1,0,37,Review
journal.pcbi.1000029.xml,0,30,0,26,362,0,112,7,3,1,151,Review
journal.pcbi.1000078.xml,0,8,0,6,107,0,20,3,0,0,156,Review
journal.pcbi.1000092.xml,2,61,1,16,925,0,173,5,0,6,812,Review
journal.pcbi.1000168.xml,0,5,0,0,156,0,9,17,1,1,74,Review
journal.pcbi.1000176.xml,0,5,0,4,204,0,0,12,0,0,7,Review
journal.pcbi.1000204.xml,0,46,1,7,618,0,19,60,1,0,57,Review
journal.pcbi.1000334.xml,0,6,3,1,298,0,0,29,3,1,22,Review
journal.pcbi.1000348.xml,0,9,1,55,382,0,30,1,0,5,16,Review
journal.pcbi.1000361.xml,5,37,8,36,490,0,63,31,0,1,68,Review
journal.pcbi.1000554.xml,0,10,2,3,261,0,3,19,0,0,198,Review
journal.pcbi.1000667.xml,5,11,8,27,667,0,47,0,5,3,66,Review
journal.pcbi.1001121.xml,1,29,0,2,593,0,3,1,0,53,407,Review
journal.pcbi.1002100.xml,1,11,1,0,584,0,32,2,2,0,68,Review
journal.pcbi.1002125.xml,0,5,2,0,197,0,18,0,0,0,30,Review
journal.pcbi.1002173.xml,0,16,0,11,150,0,0,1,0,0,39,Review
journal.pcbi.1002191.xml,0,20,1,9,168,0,0,0,0,0,22,Review
journal.pcbi.1002247.xml,0,14,2,7,460,0,94,8,5,0,76,Review
journal.pcbi.1002278.xml,0,4,0,4,135,0,0,8,0,2,74,Review
journal.pcbi.1002291.xml,0,0,1,3,148,0,0,1,3,12,8,Review
journal.pcbi.1002296.xml,0,2,1,2,161,0,7,0,0,16,54,Review
journal.pcbi.1002375.xml,2,16,5,8,425,0,38,31,3,4,25,Review
journal.pcbi.1002381.xml,0,9,0,7,289,0,34,0,1,0,13,Review
journal.pcbi.1002487.xml,0,2,0,14,177,0,10,1,0,0,39,Review
journal.pcbi.1002572.xml,0,6,0,11,131,0,0,5,0,0,13,Review
journal.pcbi.1002616.xml,0,0,0,5,153,0,0,1,4,0,0,Review
journal.pcbi.1002662.xml,0,8,0,0,155,0,0,7,0,0,36,Review
journal.pcbi.1002793.xml,0,13,0,5,856,0,15,15,0,2,249,Review
journal.pgen.0010027.xml,0,16,0,0,430,0,19,99,0,0,23,Review
journal.pgen.0010049.xml,0,25,0,0,245,0,14,12,0,0,17,Review
journal.pgen.0010054.xml,0,72,0,22,13,0,12,8,0,0,70,Review
journal.pgen.0010058.xml,0,128,0,2,26,0,44,5,0,0,102,Review
journal.pgen.0020001.xml,0,32,1,2,661,0,173,3,4,5,38,Review
journal.pgen.0020002.xml,1,104,0,0,231,0,0,65,0,19,132,Review
journal.pgen.0020008.xml,3,1,1,22,289,0,1,30,1,5,13,Review
journal.pgen.0020050.xml,0,28,3,5,164,0,0,6,0,0,45,Review
journal.pgen.0020064.xml,0,4,0,6,209,0,5,8,0,1,23,Review
journal.pgen.0020080.xml,0,19,2,23,208,0,57,14,1,1,7,Review
journal.pgen.0020086.xml,0,6,2,0,306,0,2,26,0,0,7,Review
journal.pgen.0020089.xml,0,7,0,0,360,0,55,7,0,0,3,Review
journal.pgen.0020100.xml,3,12,0,7,299,0,63,0,0,11,2,Review
journal.pgen.0020112.xml,1,2,0,7,428,0,86,2,0,0,6,Review
journal.pgen.0020118.xml,0,11,0,19,169,0,12,18,0,0,14,Review
journal.pgen.0020124.xml,0,45,0,2,275,0,1,22,0,0,8,Review
journal.pgen.0020133.xml,0,18,0,26,229,0,0,0,0,2,45,Review
journal.pgen.0020135.xml,1,23,0,16,405,0,17,34,0,0,11,Review
journal.pgen.0020147.xml,0,2,0,21,311,0,19,6,0,1,50,Review
journal.pgen.0020150.xml,0,16,2,21,111,0,15,3,1,3,16,Review
journal.pgen.0020188.xml,0,5,0,2,285,0,0,5,0,0,0,Review
journal.pgen.0030024.xml,0,6,0,3,283,0,28,9,0,0,292,Review
journal.pgen.0030057.xml,0,5,0,11,225,0,4,26,0,7,0,Review
journal.pgen.0030084.xml,0,6,0,12,242,0,27,3,1,0,26,Review
journal.pgen.0030109.xml,0,44,0,5,387,0,24,51,0,0,1,Review
journal.pgen.0030125.xml,1,11,0,21,298,0,9,8,2,0,63,Review
journal.pgen.0030129.xml,0,3,0,0,386,0,7,17,0,2,0,Review
journal.pgen.0030146.xml,0,6,1,11,438,0,13,0,0,0,0,Review
journal.pgen.0030190.xml,0,20,1,13,301,0,23,27,0,0,7,Review
journal.pgen.0030199.xml,0,187,0,7,107,0,9,20,0,0,220,Review
journal.pgen.0040022.xml,0,3,0,5,231,0,7,0,0,1,9,Review
journal.pgen.0040033.xml,0,75,1,30,102,0,99,1,1,0,21,Review
journal.pgen.1000024.xml,0,56,1,0,446,0,0,17,0,0,4,Review
journal.pgen.1000040.xml,2,7,4,9,424,0,0,5,0,0,9,Review
journal.pgen.1000086.xml,0,20,0,7,502,0,30,6,0,0,0,Review
journal.pgen.1000180.xml,1,6,0,3,288,0,0,18,0,0,595,Review
journal.pgen.1000327.xml,0,10,0,14,358,0,59,4,0,0,44,Review
journal.pgen.1000337.xml,0,31,1,35,198,0,154,24,7,5,14,Review
journal.pgen.1000437.xml,0,10,0,11,453,0,14,46,0,0,3,Review
journal.pgen.1000459.xml,0,9,1,3,594,0,6,10,5,0,84,Review
journal.pgen.1000495.xml,0,9,1,38,651,0,13,1,7,4,95,Review
journal.pgen.1000612.xml,0,10,0,6,324,0,13,3,3,0,31,Review
journal.pgen.1000619.xml,0,5,0,1,249,0,6,2,0,54,47,Review
journal.pgen.1000627.xml,0,6,0,3,137,0,19,0,2,0,43,Review
journal.pgen.1000834.xml,0,18,0,7,633,0,554,0,0,4,23,Review
journal.pgen.1001015.xml,0,18,0,8,535,0,35,1,0,0,35,Review
journal.pgen.1001066.xml,0,8,1,17,309,0,11,5,1,0,13,Review
journal.pgen.1001067.xml,0,22,0,1,23,0,1,5,0,0,231,Review
journal.pgen.1001257.xml,0,10,0,13,386,0,11,20,2,0,0,Review
journal.pgen.1002018.xml,0,5,0,11,198,0,1,9,0,4,90,Review
journal.pgen.1002019.xml,0,4,2,4,198,0,21,14,0,3,21,Review
journal.pgen.1002110.xml,1,4,0,5,235,0,7,10,0,0,31,Review
journal.pgen.1002123.xml,0,2,0,1,87,0,0,5,0,0,158,Review
journal.pgen.1002212.xml,0,44,0,6,420,0,39,33,0,4,1,Review
journal.pgen.1002432.xml,1,12,0,23,569,0,81,14,3,2,21,Review
journal.pgen.1002544.xml,0,10,2,4,273,0,2,1,0,2,111,Review
journal.pgen.1002595.xml,0,23,0,0,415,0,64,21,0,0,0,Review
journal.pgen.1002644.xml,0,3,0,4,316,0,0,4,0,0,32,Review
journal.pgen.1002837.xml,0,7,0,8,211,0,9,10,0,0,37,Review
journal.pgen.1002912.xml,0,14,0,2,246,0,8,5,0,0,11,Review
journal.pgen.1003041.xml,0,12,1,38,191,0,21,6,6,0,34,Review
journal.pgen.1003234.xml,3,2,0,0,240,0,0,34,0,0,81,Review
journal.pmed.1000396.xml,0,0,0,8,290,0,0,50,0,4,116,Review
journal.pmed.1000397.xml,2,4,3,10,335,0,8,16,0,0,25,Review
journal.pmed.1000398.xml,0,0,0,26,392,0,0,35,0,0,12,Review
journal.pmed.1000399.xml,0,0,0,14,150,0,0,33,0,0,28,Review
journal.pmed.1000400.xml,0,3,2,29,216,0,13,29,0,0,7,Review
journal.pmed.1000401.xml,1,10,0,26,186,0,0,23,0,0,42,Review
journal.pmed.1000402.xml,0,14,0,25,257,0,15,36,1,0,18,Review
journal.pmed.1000403.xml,0,9,0,0,110,0,0,28,0,0,181,Review
journal.pmed.1000404.xml,0,0,0,7,93,0,0,36,1,0,3,Review
journal.pmed.1000405.xml,0,13,0,6,352,0,40,15,0,0,19,Review
journal.pmed.1000406.xml,1,10,0,2,175,0,10,40,0,0,11,Review
journal.pmed.1000412.xml,1,8,0,1,163,0,10,18,0,0,7,Review
journal.pmed.1001127.xml,0,2,0,2,79,0,6,22,1,0,41,Review
journal.pmed.1001129.xml,0,1,0,0,211,0,0,35,0,1,126,Review
journal.pmed.1001130.xml,0,14,0,0,174,0,0,3,1,0,4,Review
journal.pmed.1001131.xml,0,20,0,2,189,0,33,15,0,0,44,Review
journal.pmed.1001231.xml,0,0,0,13,115,4,8,29,0,3,10,Review
journal.pmed.1001232.xml,1,19,0,15,154,0,46,5,1,0,6,Review
journal.pmed.1001239.xml,0,2,2,9,144,0,0,22,0,0,67,Review
journal.pmed.1001247.xml,1,28,0,8,194,0,23,14,0,0,193,Review
journal.pmed.1001250.xml,3,2,2,44,243,0,27,3,1,3,127,Review
journal.pmed.1001258.xml,1,1,1,33,335,0,22,69,0,0,5,Review
journal.pmed.1001259.xml,0,5,1,27,171,0,13,24,4,0,24,Review
journal.pmed.1001260.xml,1,7,2,6,395,0,16,40,0,0,12,Review
journal.pmed.1001263.xml,0,10,0,8,107,0,0,13,0,0,9,Review
journal.pmed.1001298.xml,0,2,3,5,152,0,62,5,0,0,54,Review
journal.pmed.1001303.xml,1,48,1,0,246,0,321,45,0,5,13,Review
journal.pntd.0000097.xml,0,7,0,4,537,0,17,8,5,0,8,Review
journal.pntd.0000114.xml,5,8,0,13,689,0,235,86,2,7,5,Review
journal.pntd.0000126.xml,0,36,0,16,553,0,88,50,0,0,18,Review
journal.pntd.0000161.xml,1,2,1,0,310,0,2,0,0,0,10,Review
journal.pntd.0000209.xml,0,31,0,52,326,0,15,0,0,5,51,Review
journal.pntd.0000217.xml,0,9,0,7,267,0,7,34,6,0,83,Review
journal.pntd.0000256.xml,0,13,0,7,669,0,106,5,0,0,0,Review
journal.pntd.0000267.xml,0,12,0,0,137,0,1,56,0,0,3,Review
journal.pntd.0000278.xml,3,43,0,0,227,0,1,8,0,145,101,Review
journal.pntd.0000300.xml,1,12,0,0,788,0,96,7,0,0,42,Review
journal.pntd.0000303.xml,0,15,0,35,1073,0,30,8,1,0,4,Review
journal.pntd.0000313.xml,0,5,0,1,361,0,41,27,0,2,26,Review
journal.pntd.0000332.xml,0,20,0,0,46,0,0,12,0,0,110,Review
journal.pntd.0000333.xml,0,8,1,1,334,0,0,2,0,0,28,Review
journal.pntd.0000411.xml,2,5,1,0,92,0,0,1,0,16,144,Review
journal.pntd.0000412.xml,0,10,0,1,738,0,79,32,1,0,29,Review
journal.pntd.0000417.xml,0,19,0,1,332,0,22,25,0,0,80,Review
journal.pntd.0000437.xml,0,9,0,3,194,0,27,8,0,0,37,Review
journal.pntd.0000440.xml,0,10,0,29,578,0,68,2,0,0,9,Review
journal.pntd.0000442.xml,0,10,0,0,136,0,46,2,1,2,33,Review
journal.pntd.0000460.xml,0,20,0,11,387,0,35,18,0,0,0,Review
journal.pntd.0000515.xml,0,42,0,11,300,0,54,18,0,0,18,Review
journal.pntd.0000530.xml,0,14,0,20,1013,0,26,5,0,6,6,Review
journal.pntd.0000538.xml,0,3,0,20,553,0,7,3,0,0,0,Review
journal.pntd.0000549.xml,0,28,0,0,89,0,1,16,0,20,137,Review
journal.pntd.0000595.xml,0,70,0,0,50,0,1,17,3,60,77,Review
journal.pntd.0000603.xml,0,23,0,0,521,0,20,42,0,0,37,Review
journal.pntd.0000623.xml,0,42,0,0,321,0,47,80,0,0,0,Review
journal.pntd.0000624.xml,0,3,1,1,363,0,33,9,0,0,8,Review
journal.pntd.0000646.xml,0,58,0,1,464,0,120,15,0,24,19,Review
journal.pntd.0000674.xml,0,4,0,15,179,0,0,9,0,0,305,Review
journal.pntd.0000744.xml,0,267,0,14,349,0,33,41,0,0,16,Review
journal.pntd.0000761.xml,0,0,0,0,71,0,0,40,0,2,152,Review
journal.pntd.0000783.xml,0,36,0,8,34,0,62,0,0,0,178,Review
journal.pntd.0000893.xml,0,2,0,12,191,0,146,22,0,0,10,Review
journal.pntd.0000992.xml,0,19,0,12,281,0,22,37,0,0,7,Review
journal.pntd.0001051.xml,0,20,1,15,303,0,25,16,1,0,20,Review
journal.pntd.0001053.xml,4,28,0,8,334,0,57,2,0,0,18,Review
journal.pntd.0001149.xml,0,8,0,6,195,0,75,24,0,0,17,Review
journal.pntd.0001220.xml,0,14,0,3,193,0,17,0,2,0,0,Review
journal.pntd.0001229.xml,0,13,0,8,207,0,62,51,0,0,11,Review
journal.pntd.0001261.xml,0,1,0,0,327,0,15,0,0,0,4,Review
journal.pntd.0001325.xml,0,23,0,9,513,0,110,42,1,0,3,Review
journal.pntd.0001366.xml,0,1,0,0,404,0,0,8,0,18,49,Review
journal.pntd.0001382.xml,1,16,0,0,323,0,24,24,0,7,4,Review
journal.pntd.0001393.xml,0,3,0,1,66,0,8,13,0,0,86,Review
journal.pntd.0001445.xml,0,10,0,29,497,0,31,25,4,0,14,Review
journal.pntd.0001446.xml,1,10,1,3,537,0,100,48,0,0,74,Review
journal.pntd.0001475.xml,0,10,0,0,487,0,50,5,0,0,5,Review
journal.pntd.0001541.xml,0,8,0,0,122,0,66,35,0,0,0,Review
journal.pntd.0001546.xml,1,10,0,8,259,0,3,19,0,0,2,Review
journal.pntd.0001547.xml,0,10,0,0,309,0,17,50,3,2,2,Review
journal.pntd.0001548.xml,0,10,0,0,195,0,0,70,0,0,175,Review
journal.pntd.0001549.xml,0,7,0,94,527,0,26,48,0,0,31,Review
journal.pntd.0001601.xml,0,53,0,19,682,0,31,57,4,0,3,Review
journal.pntd.0001602.xml,0,1,0,1,437,0,10,61,1,0,0,Review
journal.pntd.0001603.xml,0,5,4,8,242,0,52,56,0,1,66,Review
journal.pntd.0001737.xml,0,15,1,0,672,0,26,27,0,0,5,Review
journal.pntd.0001755.xml,1,7,0,0,376,0,88,50,0,0,25,Review
journal.pntd.0001768.xml,0,11,1,0,372,174,28,12,0,0,0,Review
journal.pntd.0001965.xml,1,249,0,8,299,0,65,3,0,3,13,Review
journal.pntd.0002020.xml,0,29,0,5,555,0,114,18,0,1,0,Review
journal.pone.0010905.xml,0,254,0,25,482,0,110,9,0,97,147,Review
journal.pone.0011683.xml,0,13,0,32,380,0,78,1,1,0,16,Review
journal.pone.0011831.xml,1,173,1,6,444,0,15,16,0,71,162,Review
journal.pone.0011832.xml,0,309,1,84,967,12,269,15,1,57,100,Review
journal.ppat.1002464.xml,0,39,0,6,205,0,19,9,2,0,75,Review
journal.ppat.0020042.xml,0,5,0,26,239,0,21,2,0,0,39,Review
journal.ppat.1002013.xml,0,6,0,0,216,0,11,3,0,3,38,Review
journal.ppat.1001324.xml,0,23,0,2,643,0,118,28,1,0,0,Review
journal.pone.0020887.xml,0,64,2,42,212,0,28,6,9,0,70,Review
journal.ppat.1003064.xml,0,12,0,14,197,0,15,36,0,0,59,Review
journal.ppat.0030116.xml,1,17,0,5,342,0,46,1,0,0,8,Review
journal.pone.0016491.xml,0,489,0,29,64,0,23,10,0,0,387,Review
journal.ppat.1002607.xml,1,13,1,6,667,0,21,22,0,0,28,Review
journal.ppat.1002183.xml,1,14,0,0,321,0,0,17,2,76,62,Review
journal.ppat.1003057.xml,0,7,0,10,677,0,86,8,0,0,64,Review
journal.pone.0042551.xml,0,526,0,7,151,0,20,7,0,0,52,Review
journal.ppat.1002588.xml,0,26,0,36,355,0,2,9,0,4,436,Review
journal.ppat.1000938.xml,3,35,0,6,563,0,5,41,0,0,22,Review
journal.ppat.1002320.xml,0,7,2,25,291,0,3,1,1,0,50,Review
journal.ppat.1002212.xml,0,24,0,6,407,0,19,38,1,0,7,Review
journal.pone.0014295.xml,0,482,0,19,100,0,116,51,0,0,287,Review
journal.ppat.1000384.xml,0,4,0,5,211,0,10,5,0,3,64,Review
journal.pone.0019254.xml,0,5,2,11,875,0,6,9,0,1,43,Review
journal.ppat.1000879.xml,0,8,0,17,164,0,25,4,0,0,62,Review
journal.ppat.1000913.xml,2,10,0,6,292,0,2,10,2,271,99,Review
journal.ppat.1000942.xml,0,4,0,5,491,0,57,7,0,0,83,Review
journal.ppat.0020026.xml,0,12,0,16,393,0,70,17,0,4,2,Review
journal.ppat.1003018.xml,0,7,0,33,497,0,41,2,0,0,12,Review
journal.pone.0021236.xml,0,268,0,38,70,0,18,31,1,0,233,Review
journal.ppat.1003001.xml,3,7,0,4,211,0,0,52,0,0,31,Review
journal.ppat.1001033.xml,2,3,1,1,227,0,0,59,1,0,0,Review
journal.pone.0023259.xml,2,297,2,93,167,0,64,10,2,14,31,Review
journal.pone.0012182.xml,0,455,0,24,1039,0,352,9,1,0,19,Review
journal.pone.0027373.xml,0,298,0,0,97,0,47,5,0,0,207,Review
journal.pone.0011842.xml,0,641,2,41,1123,0,139,8,0,0,139,Review
journal.pone.0016309.xml,0,222,0,4,119,0,42,11,0,0,275,Review
journal.ppat.1002160.xml,0,5,4,1,119,0,4,11,1,0,98,Review
journal.ppat.0030149.xml,0,15,0,8,319,0,49,2,4,0,34,Review
journal.pone.0021578.xml,0,50,0,16,22,0,10,6,0,0,166,Review
journal.ppat.1001189.xml,0,13,0,0,354,0,12,63,0,0,0,Review
journal.pone.0021670.xml,0,113,0,143,326,0,108,6,0,0,45,Review
journal.pone.0012467.xml,0,644,2,26,423,0,172,15,2,4,91,Review
journal.pone.0035032.xml,0,165,0,5,30,0,18,13,0,0,95,Review
journal.ppat.0020062.xml,0,14,0,3,178,0,1,2,0,0,321,Review
journal.pone.0050719.xml,0,911,0,29,750,0,62,7,0,0,53,Review
journal.ppat.1003019.xml,0,10,1,9,151,0,5,2,0,3,116,Review
journal.pone.0022747.xml,0,208,0,0,245,0,18,1,2,3,3,Review
journal.ppat.1000740.xml,0,10,0,4,287,0,14,17,0,0,27,Review
journal.ppat.1000437.xml,0,27,0,11,627,0,85,2,0,19,4,Review
journal.ppat.1000046.xml,0,11,0,10,311,0,21,42,0,0,108,Review
journal.pone.0043529.xml,0,63,0,3,550,550,101,6,0,65,55,Review
journal.ppat.0030152.xml,0,31,0,3,271,0,16,12,0,0,9,Review
journal.pone.0011836.xml,0,272,0,2,738,0,103,2,5,11,119,Review
journal.ppat.1000018.xml,1,9,0,12,881,0,28,0,0,0,98,Review
journal.pone.0020657.xml,0,303,1,0,517,0,186,6,0,0,23,Review
journal.ppat.1002676.xml,0,9,0,0,301,0,28,5,0,0,108,Review
journal.ppat.1000771.xml,0,30,0,1,438,29,71,47,0,5,61,Review
journal.ppat.1000661.xml,0,8,0,0,286,0,0,22,0,0,86,Review
journal.ppat.1002036.xml,0,8,1,2,467,0,0,14,0,0,32,Review
journal.ppat.1002838.xml,0,7,0,8,244,0,40,18,0,0,125,Review
journal.ppat.1001147.xml,1,7,0,3,251,0,12,21,0,0,2,Review
journal.ppat.0020129.xml,0,31,0,5,234,0,7,11,0,0,139,Review
journal.ppat.0030078.xml,1,1,2,0,244,0,43,0,0,5,11,Review
journal.pone.0035644.xml,0,253,0,22,1399,0,28,4,0,112,28,Review
journal.ppat.1003007.xml,0,4,0,1,492,0,0,41,0,0,3,Review
journal.ppat.1001283.xml,3,13,0,0,234,0,2,8,2,0,262,Review
journal.ppat.0030003.xml,5,62,1,0,481,0,5,22,0,2,59,Review
journal.pone.0021334.xml,0,9,0,9,63,0,0,25,0,0,20,Review
journal.ppat.1002729.xml,0,19,1,1,622,0,50,10,0,0,0,Review
journal.ppat.1001000.xml,0,1,0,18,484,0,20,15,0,0,109,Review
journal.pone.0051446.xml,0,185,0,6,16,0,9,6,0,0,94,Review
journal.ppat.1002874.xml,1,52,0,1,342,0,31,14,4,0,52,Review
journal.ppat.1000557.xml,1,1,0,0,71,0,0,1,1,4,55,Review
journal.pone.0049717.xml,0,588,0,9,50,0,7,4,0,0,129,Review
journal.pone.0022466.xml,0,86,0,7,353,0,68,1,0,0,228,Review
journal.pone.0022588.xml,3,407,0,95,522,0,188,24,0,10,49,Review
journal.ppat.0020004.xml,0,4,0,2,318,0,51,3,2,0,43,Review
journal.pone.0020981.xml,1,42,0,2,978,0,60,1,0,0,1,Review
journal.ppat.1000162.xml,3,4,2,22,181,0,2,11,0,0,0,Review
journal.ppat.1000520.xml,2,3,0,23,269,0,21,11,0,0,38,Review
journal.ppat.0040034.xml,0,29,1,21,485,0,97,18,1,0,67,Review
journal.ppat.1001032.xml,0,35,0,11,413,0,51,59,2,1,0,Review
journal.pone.0033068.xml,0,245,0,14,190,0,85,7,0,0,32,Review
journal.ppat.1001158.xml,1,4,1,2,236,0,40,9,0,0,22,Review
journal.ppat.1000234.xml,0,18,0,21,361,0,27,17,4,0,38,Review
journal.ppat.1002058.xml,0,9,0,0,132,0,5,9,0,0,100,Review
journal.ppat.1000621.xml,0,7,0,0,271,0,71,15,0,0,115,Review
journal.ppat.0030101.xml,0,1,0,3,332,0,41,15,3,0,7,Review
journal.ppat.1000899.xml,0,68,0,11,262,0,39,16,1,0,91,Review
journal.pone.0036889.xml,1,747,0,21,283,0,86,11,0,0,56,Review
journal.ppat.1000215.xml,0,9,0,16,255,0,1,7,1,0,68,Review
journal.ppat.1000600.xml,0,5,0,0,201,0,8,0,2,0,9,Review
journal.ppat.1000486.xml,0,9,0,0,547,0,15,12,0,0,10,Review
journal.pone.0022915.xml,0,94,0,11,301,0,212,2,0,0,27,Review
journal.ppat.1002933.xml,0,34,0,3,435,0,44,12,0,0,16,Review
journal.pone.0035105.xml,3,356,4,31,573,0,98,11,0,0,72,Review
journal.ppat.1001004.xml,0,18,0,0,189,0,0,33,2,0,5,Review
journal.ppat.1000566.xml,0,7,0,22,175,0,0,3,0,0,41,Review
journal.ppat.1002006.xml,1,17,0,3,610,0,81,40,0,0,15,Review
journal.ppat.1001006.xml,0,15,0,28,147,0,7,1,0,0,79,Review
journal.pone.0035350.xml,0,58,0,11,171,0,100,5,1,0,57,Review
journal.pone.0019627.xml,0,8,0,0,321,0,0,2,1,14,272,Review
journal.ppat.1001005.xml,0,2,0,20,138,0,0,5,0,0,115,Review
journal.pone.0031940.xml,0,221,0,1,333,0,24,3,0,57,288,Review
journal.pone.0054284.xml,0,48,1,6,140,0,17,52,3,2,42,Review
journal.pone.0014613.xml,0,679,0,0,70,0,25,1,0,4,89,Review
journal.pone.0031311.xml,1,322,0,18,330,0,165,12,3,12,16,Review
journal.ppat.1003053.xml,0,5,0,1,420,0,14,4,0,0,22,Review
journal.pone.0012008.xml,0,234,0,9,309,0,24,3,2,0,148,Review
journal.pone.0011916.xml,1,402,4,26,650,0,172,9,0,2,114,Review
journal.ppat.1000172.xml,0,7,0,23,783,0,37,24,0,0,9,Review
journal.pone.0033515.xml,3,328,0,88,347,0,147,14,1,0,98,Review
journal.ppat.1002055.xml,0,11,2,6,168,0,56,8,3,0,29,Review
journal.ppat.1000552.xml,0,8,1,13,355,0,15,24,1,0,29,Review
journal.pone.0049995.xml,0,476,4,4,105,0,8,17,5,9,102,Review
journal.pntd.0001582.xml,0,35,1,26,389,0,69,79,0,0,27,Review
journal.pone.0018123.xml,0,154,0,10,36,0,10,7,0,0,203,Review
journal.ppat.1002599.xml,0,57,2,13,130,0,0,7,0,40,21,Review
journal.pone.0023951.xml,0,95,0,0,191,0,23,12,4,0,63,Review
journal.pone.0018997.xml,0,314,0,2,345,0,97,33,1,0,308,Review
journal.ppat.1000544.xml,0,18,0,23,243,0,16,4,0,0,18,Review
journal.pone.0029232.xml,0,7,2,21,500,0,21,3,0,0,25,Review
journal.pone.0024121.xml,0,20,4,16,243,0,34,10,0,2,2,Review
journal.ppat.1000051.xml,0,8,0,0,357,0,27,2,0,0,82,Review
journal.ppat.0030108.xml,0,5,0,3,257,0,8,1,1,0,31,Review
journal.pone.0014631.xml,49,910,10,2,167,118,288,158,0,24,12,Review
journal.pone.0011914.xml,28,1300,6,2,427,1,304,304,13,25,8,Review
journal.pntd.0001572.xml,1,17,0,15,41,0,8,14,0,2,32,Viewpoint
journal.pntd.0001500.xml,0,84,1,0,13,0,0,2,0,1,81,Viewpoint
journal.pntd.0001962.xml,0,94,0,0,40,0,3,3,0,0,39,Viewpoint
journal.pntd.0001937.xml,1,28,0,6,20,0,0,6,0,3,61,Viewpoint
journal.pntd.0002022.xml,0,47,0,0,6,11,2,4,0,0,44,Viewpoint
journal.pntd.0000232.xml,0,57,2,7,12,0,4,0,2,0,39,Viewpoint
journal.pntd.0000285.xml,0,56,0,9,25,0,0,7,0,0,69,Viewpoint
journal.pntd.0000358.xml,0,42,0,0,5,0,21,2,0,0,27,Viewpoint
journal.pntd.0000939.xml,0,42,0,0,11,0,6,1,0,0,80,Viewpoint
journal.pntd.0001227.xml,0,21,0,8,15,0,0,1,0,0,130,Viewpoint
journal.pntd.0000715.xml,0,16,0,3,21,0,7,8,0,0,66,Viewpoint
journal.pntd.0000663.xml,0,121,0,4,9,0,7,2,0,0,57,Viewpoint
journal.pntd.0001221.xml,0,33,0,1,17,0,18,1,0,0,64,Viewpoint
journal.pntd.0000307.xml,0,35,0,4,47,0,11,7,0,0,51,Viewpoint
journal.pntd.0001544.xml,0,24,0,22,26,7,5,9,2,0,44,Viewpoint
journal.pntd.0000359.xml,0,5,2,2,14,0,0,0,0,0,0,Viewpoint
journal.pntd.0001502.xml,0,370,0,40,68,0,27,22,0,0,203,Viewpoint
journal.pntd.0001950.xml,1,45,0,1,9,0,11,1,0,0,41,Viewpoint
journal.pgen.1001389.xml,1,83,0,3,24,0,0,0,0,0,175,Viewpoint
journal.pgen.1002016.xml,0,62,0,2,17,0,21,6,0,0,208,Viewpoint
journal.pgen.1002092.xml,0,284,0,7,41,0,19,2,0,0,104,Viewpoint
journal.pgen.1002269.xml,0,63,0,4,18,0,11,6,0,0,37,Viewpoint
journal.pgen.1003332.xml,0,107,0,5,17,4,11,0,0,0,114,Viewpoint
journal.pgen.1003333.xml,0,33,0,8,5,0,0,1,0,0,41,Viewpoint
journal.pntd.0000104.xml,0,30,0,0,8,0,5,8,0,0,39,Viewpoint
journal.pgen.1000540.xml,0,72,2,6,130,0,9,2,0,2,27,Viewpoint
journal.pgen.1000665.xml,0,30,2,28,55,0,8,6,0,2,45,Viewpoint
journal.pntd.0000247.xml,0,11,0,2,14,0,1,7,0,0,45,Viewpoint
journal.pntd.0000274.xml,0,32,1,0,13,0,6,3,0,0,83,Viewpoint
journal.pntd.0000292.xml,0,30,0,4,8,0,2,0,0,0,60,Viewpoint
journal.pntd.0000309.xml,0,9,0,0,12,0,0,0,0,0,20,Viewpoint
journal.pntd.0000310.xml,0,0,0,4,7,0,2,0,0,0,29,Viewpoint
journal.pntd.0000314.xml,0,57,0,4,23,0,13,0,0,0,60,Viewpoint
journal.pntd.0000319.xml,0,16,0,10,9,0,5,2,0,0,55,Viewpoint
journal.pntd.0000335.xml,0,9,1,20,29,0,4,1,0,0,45,Viewpoint
journal.pntd.0000345.xml,0,6,0,26,43,0,0,3,0,0,24,Viewpoint
journal.pntd.0000362.xml,0,17,0,4,37,0,0,9,0,0,17,Viewpoint
journal.pntd.0000390.xml,0,31,0,0,11,0,2,1,0,0,13,Viewpoint
journal.pntd.0000443.xml,0,51,0,4,14,0,6,3,0,0,21,Viewpoint
journal.pntd.0000487.xml,0,11,0,0,12,0,8,2,0,0,57,Viewpoint
journal.pntd.0000570.xml,1,18,0,2,34,0,8,4,0,0,70,Viewpoint
journal.pntd.0000576.xml,0,135,0,0,31,0,15,3,0,0,15,Viewpoint
journal.pntd.0000591.xml,0,25,0,5,7,0,1,0,0,0,65,Viewpoint
journal.pntd.0000609.xml,0,0,0,10,9,0,0,0,0,0,63,Viewpoint
journal.pntd.0000615.xml,0,77,0,0,17,0,4,5,0,0,113,Viewpoint
journal.pntd.0000619.xml,0,6,1,19,62,1,0,19,5,0,17,Viewpoint
journal.pntd.0001160.xml,0,90,0,8,63,0,8,4,0,0,10,Viewpoint
journal.pntd.0001250.xml,0,6,0,0,31,0,7,0,0,0,53,Viewpoint
journal.pntd.0000720.xml,0,69,0,5,38,0,20,0,0,0,71,Viewpoint
journal.pntd.0000765.xml,0,224,0,0,82,0,30,3,0,0,64,Viewpoint
journal.pntd.0000831.xml,0,27,0,0,18,0,15,2,0,0,38,Viewpoint
journal.pntd.0000907.xml,0,64,0,2,14,0,12,0,0,0,65,Viewpoint
journal.pntd.0000973.xml,1,30,0,0,34,0,1,3,0,0,61,Viewpoint
journal.pntd.0001007.xml,1,51,0,15,24,0,36,10,0,0,60,Viewpoint
journal.pntd.0001145.xml,0,201,0,12,40,0,49,9,0,0,329,Viewpoint
journal.pntd.0001146.xml,0,50,0,0,7,0,11,7,0,0,57,Viewpoint
journal.pntd.0001581.xml,0,27,0,0,21,0,9,1,0,0,59,Viewpoint
journal.pntd.0001605.xml,0,77,0,13,9,0,15,0,0,0,66,Viewpoint
journal.pntd.0001738.xml,0,11,0,2,4,0,5,2,0,0,45,Viewpoint
journal.pntd.0001752.xml,0,48,0,4,26,0,4,11,0,0,20,Viewpoint
journal.pntd.0001767.xml,0,61,0,8,22,0,20,5,0,0,39,Viewpoint
journal.pntd.0001837.xml,0,24,0,15,27,0,4,0,0,0,63,Viewpoint
journal.pntd.0001861.xml,0,14,0,5,8,0,15,0,0,0,29,Viewpoint
journal.pntd.0001863.xml,0,22,0,11,31,0,20,5,0,0,10,Viewpoint
journal.pntd.0001390.xml,0,18,0,13,28,0,4,1,0,1,44,Viewpoint
journal.pntd.0001545.xml,1,37,1,6,16,3,2,3,2,3,32,Viewpoint
journal.ppat.1002892.xml,0,9,0,3,8,0,0,2,0,0,62,Viewpoint
journal.pntd.0001959.xml,0,30,0,3,7,0,5,2,0,0,45,Viewpoint
journal.pntd.0001960.xml,0,42,0,2,44,0,30,5,0,0,24,Viewpoint
journal.pntd.0001963.xml,0,239,0,0,20,0,4,5,0,0,65,Viewpoint
journal.pntd.0002081.xml,0,99,0,0,16,0,13,1,0,0,37,Viewpoint
journal.pntd.0002090.xml,0,45,0,0,22,0,12,2,0,9,129,Viewpoint
journal.pntd.0002125.xml,0,86,0,11,15,0,2,4,0,0,54,Viewpoint
journal.pntd.0002214.xml,0,14,0,0,24,0,0,0,0,0,87,Viewpoint
